<?xml version="1.0" encoding="UTF-8"?>
<MsgHead xmlns="http://www.kith.no/xmlstds/msghead/2006-05-24" xmlns:xsd="http://www.w3.org/2001/XMLSchema.xsd" xmlns:xsi="http://www.w3.org/2001/XMLSchema-instance" xsi:schemaLocation="http://www.kith.no/xmlstds/msghead/2006-05-24 ../../../sarepta/skjema/felleskomponenter/MsgHead-v1_2.xsd">
	<MsgInfo>
		<Type V="DIALOG_INNBYGGER_HREG_INNSYN_UTLEVERING" DN="Dialog med innbygger - innsyn utlevering"/>
		<MIGversion>v1.2 2006-05-24</MIGversion>
		<GenDate>2012-11-21T09:30:47.0Z</GenDate>
		<MsgId>91d2d91f-c770-458d-851b-c8cc11241c52</MsgId>
		<Ack V="J" DN="Ja"/>
		<Sender>
			<Organisation>
				<OrganisationName>KPR</OrganisationName>
				<Ident>
					<Id>971318864</Id>
					<TypeId V="ENH" S="2.16.578.1.12.4.1.1.9051" DN="Organisasjonsnummeret i Enhetsregister"/>
				</Ident>
				<Ident>
					<Id>1234</Id>
					<TypeId V="HER" S="2.16.578.1.12.4.1.1.9051" DN="HER-id"/>
				</Ident>
				<Organisation>
					<OrganisationName>Helsenorge.no</OrganisationName>
					<Ident>
						<Id>1234</Id>
						<TypeId V="HER" S="2.16.578.1.12.4.1.1.9051" DN="HER-id"/>
					</Ident>
				</Organisation>
			</Organisation>
		</Sender>
		<Receiver>
			<Organisation>
				<OrganisationName>DIREKTORATET FOR E-HELSE</OrganisationName>
				<Ident>
					<Id>915933149</Id>
					<TypeId V="ENH" S="2.16.578.1.12.4.1.1.9051" DN="Organisasjonsnummeret i Enhetsregister"/>
				</Ident>
				<Ident>
					<Id>115851</Id>
					<TypeId V="HER" S="2.16.578.1.12.4.1.1.9051" DN="HER-id"/>
				</Ident>
				<Organisation>
					<OrganisationName>Digitale innbyggertjenester</OrganisationName>
					<Ident>
						<Id>8093248</Id>
						<TypeId V="HER" S="2.16.578.1.12.4.1.1.9051" DN="HER-id"/>
					</Ident>
				</Organisation>
			</Organisation>
		</Receiver>
		<Patient>
			<FamilyName>Danser</FamilyName>
			<GivenName>Line</GivenName>
			<Ident>
				<Id>13116900216</Id>
				<TypeId V="FNR" S="2.16.578.1.12.4.1.1.8116" DN="Fødselsnummer"/>
			</Ident>
		</Patient>
	</MsgInfo>
	<Document>
		<ContentDescription>utlevering helseopplysninger svar</ContentDescription>
		<RefDoc>
			<IssueDate V="2012-11-14T09:30:47.0Z"/>
			<MsgType V="XML" DN="XML-instans"/>
			<Content>
				<Dialogmelding xmlns="http://www.kith.no/xmlstds/dialog/2013-01-23" xsi:schemaLocation="http://www.kith.no/xmlstds/dialog/2013-01-23 ../../../sarepta/skjema/dialogmelding/2013-01-23/dialogmelding-v1.1.xsd">
					<Foresporsel>
						<TypeForesp V="F02" S="2.16.578.1.12.4.1.1.7605" DN="Forespør innsyn utlevering"/>
						<EmneSporsmal>Forespør innsyn utlevering</EmneSporsmal>
						<Sporsmal>>Jeg ønsker å se hvilke opplysninger som er utlevert om meg.</Sporsmal>
					</Foresporsel>
				</Dialogmelding>
			</Content>
		</RefDoc>
	</Document>
</MsgHead>
