<?xml version="1.0" encoding="utf-8"?>
<MsgHead xmlns="http://www.kith.no/xmlstds/msghead/2006-05-24" xmlns:xsd="http://www.w3.org/2001/XMLSchema.xsd" xmlns:xsi="http://www.w3.org/2001/XMLSchema-instance" xsi:schemaLocation="http://www.kith.no/xmlstds/msghead/2006-05-24 ../../../sarepta/skjema/felleskomponenter/MsgHead-v1_2.xsd">
  <MsgInfo>
    <Type V="DIALOG_INNBYGGER_OPPGAVE" DN="Oppgavetjeneste for innbygger" />
    <MIGversion>v1.2 2006-05-24</MIGversion>
    <GenDate>2018-05-07T12:38:16.6992023+02:00</GenDate>
    <MsgId>60a2500f-bb7d-4e77-80f1-69ab808ccc33</MsgId>
    <Ack V="J" DN="Ja" />
    <ConversationRef>
      <RefToParent>6776e4bd-6f66-4407-a360-ad526333a2b0</RefToParent>
      <RefToConversation>6776e4bd-6f66-4407-a360-ad526333a2b0</RefToConversation>
    </ConversationRef>
    <Sender>
      <Organisation>
        <OrganisationName>Ekstern skjemaleverandør</OrganisationName>
        <Ident>
          <Id>1234</Id>
          <TypeId DN="HER-id" V="HER" S="2.16.578.1.12.4.1.1.9051"/>
        </Ident>
        <Organisation>
          <OrganisationName>Skjematjeneste</OrganisationName>
          <Ident>
            <Id>9999</Id>
            <TypeId DN="HER-id" V="HER" S="2.16.578.1.12.4.1.1.9051"/>
          </Ident>
        </Organisation>
      </Organisation>
    </Sender>
    <Receiver>
      <Organisation>
        <OrganisationName>Helsedirektoratet</OrganisationName>
        <Ident>
          <Id>983544622</Id>
          <TypeId V="ENH" DN="Organisasjonsnummeret i Enhetsregister" S="2.16.578.1.12.4.1.1.9051"/>
        </Ident>
        <Ident>
          <Id>109989</Id>
          <TypeId V="HER" S="2.16.578.1.12.4.1.1.9051" DN="Identifikator fra Helsetjenesteenhetsregisteret (HER-id)" />
        </Ident>
        <Organisation>
          <OrganisationName>Helsenorge.no</OrganisationName>
          <Ident>
            <Id>109989</Id>
            <TypeId DN="HER-id" V="HER" S="2.16.578.1.12.4.1.1.9051"/>
          </Ident>
        </Organisation>
      </Organisation>
    </Receiver>
		<Patient>
			<FamilyName>Danser</FamilyName>
			<GivenName>Line</GivenName>
			<Ident>
				<Id>13116900216</Id>
				<TypeId V="FNR" DN="Fødselsnummer" S="2.16.578.1.12.4.1.1.8116"/>
			</Ident>
		</Patient>
  </MsgInfo>
  <Document>
    <ContentDescription>Oppgave</ContentDescription>
    <RefDoc>
      <IssueDate V="2018-05-07T12:38:16.6523626+02:00" />
      <MsgType V="XML" DN="XML-instans" />
      <Content>
        <Dialogmelding xmlns="http://www.kith.no/xmlstds/dialog/2013-01-23" xsi:schemaLocation="http://www.kith.no/xmlstds/dialog/2013-01-23 ../../../sarepta/skjema/dialogmelding/2013-01-23/dialogmelding-v1.1.xsd">
          <Foresporsel>
            <TypeForesp V="SKOI" S="2.16.578.1.12.4.1.1.7601" DN="Skjemaoppgave til innsending"/>
            <EmneSporsmal>Fylkeshelseundersøkelsene i Hordaland</EmneSporsmal>
          </Foresporsel>
        </Dialogmelding>
      </Content>
    </RefDoc>
  </Document>
  <Document>
    <ContentDescription>Metadata</ContentDescription>
    <RefDoc>
      <MsgType V="XML" DN="XML-instans" />
      <Content>
        <Map xmlns="http://ehelse.no/xmlstds/Map/2016-10-28" xsi:schemaLocation="http://ehelse.no/xmlstds/Map/2016-10-28 ../../../sarepta/skjema/digitaleskjema/map-v0.91.xsd">
          <Entry Key="Metadata">
            <Value Key="ExternalId">bdd5957f</Value>
          </Entry>
        </Map>
      </Content>
    </RefDoc>
  </Document>
  <Document>
    <ContentDescription>schema-data</ContentDescription>
    <RefDoc>
      <MsgType V="XML" DN="XML-instans" />
      <Id>807B68D0-76A5-4DC7-8099-CA60918D638E</Id>
      <Content>
        <QuestionnaireResponse xmlns="http://hl7.org/fhir">
          <text>
            <status value="generated" />
            <div xmlns="http://www.w3.org/1999/xhtml">
              <p>
                <b>0. Dette er en undersøkelse om helse, trivsel og andre forhold som har betydning for folkehelsen. Undersøkelsen vil ta ca. 20 minutter.?</b>
              </p>
              <p>
                <b>1. Samtykke?</b>
              </p>
              <p>
                <b>1.1. Hva skjer med dine opplysninger? ?</b>
              </p>
              <p>
                <b>1.2. Vi ønsker flest mulig gode leveår for alle i Hordaland og vil legge til rette for det ved å bruke svarene fra denne spørreundersøkelsen.?</b>
              </p>
              <p>
                <b>1.3. Undersøkelsens formål er å skaffe resultater som fylkes- og bostedskommunen din kan bruke i sitt folkehelsearbeid. I tillegg ønsker vi også å bruke de innsamlede opplysningene til forskning som kan komme folkehelsearbeidet til nytte. I denne sammenhengen kan det være aktuelt å hente inn opplysninger om husholdning, landbakgrunn, sysselsetting, inntekt og helse fra Statistisk Sentralbyrå sine registre. Dette er for å få best mulige analyser og kvalitetskontroll.  ?</b>
              </p>
              <p>
                <b>1.4. Opplysningene du gir blir oppbevart og behandlet i henhold til gjeldende regler om personvern. Alle opplysningene vil bli behandlet uten navn og fødselsnummer eller andre direkte gjenkjennende opplysninger. Undersøkelsen er godkjent av Datatilsynet og all forskning vil følge reglene i helseforskningsloven, og bli utført av Folkehelseinstituttet, eller andre forskningsinstitusjoner godkjent av regionale forskningsetiske komiteer. Det vil ikke være mulig å gjenkjenne enkeltpersoner i statistikk eller forskning fra undersøkelsen. Resultater vil kun bli publisert på grupper og aldri på individnivå. ?</b>
              </p>
              <p>
                <b>1.5. Opplysningene vil bli oppbevart opptil ti år etter avsluttet innsamling. Fylkeskommunen/bostedskommunen vil kun motta anonyme datafiler for videre analyser.?</b>
              </p>
              <p>
                <b>1.6. Jeg samtykker/godkjenner at avgitte opplysninger kan brukes i samsvar med dette. Samtykker du ikke, trykk avbryt nederst i skjemaet. ?</b>true</p>
              <p>
                <b>2. Utdanning?</b>
              </p>
              <p>
                <b>2.1. Hva er din høyeste fullførte utdanning? ?</b>1</p>
              <p>
                <b>3. Arbeids- eller livssituasjon?</b>
              </p>
              <p>
                <b>3.1. Hvilken arbeids- eller livssituasjon er du i? (Sett ett eller flere kryss)?</b>
              </p>
              <p>
                <b>3.1.1. Yrkesaktiv heltid?</b>true</p>
              <p>
                <b>3.1.2. Yrkesaktiv deltid?</b>false</p>
              <p>
                <b>3.1.3. Hjemmeværende?</b>false</p>
              <p>
                <b>3.1.4. Alderspensjonist?</b>false</p>
              <p>
                <b>3.1.5. Sykmeldt?</b>false</p>
              <p>
                <b>3.1.6. Uføretrygdet/mottar arbeidsavklaringspenger?</b>false</p>
              <p>
                <b>3.1.7. Mottar sosialstønad?</b>false</p>
              <p>
                <b>3.1.8. Arbeidsledig?</b>false</p>
              <p>
                <b>3.1.9. Student/militærtjeneste?</b>false</p>
              <p>
                <b>4. Inntekt?</b>
              </p>
              <p>
                <b>4.1. Hva var din husstands samlede bruttoinntekt siste år? (Ta med alle inntekter fra arbeid, trygder, sosialhjelp og lignende)?</b>2</p>
              <p>
                <b>5. Trivsel?</b>
              </p>
              <p>
                <b>5.1. I hvilken grad trives du i nærmiljøet ditt? ?</b>1</p>
              <p>
                <b>6. Trygghet?</b>
              </p>
              <p>
                <b>6.1. I hvilken grad føler du deg trygg i nærmiljøet ditt? ?</b>1</p>
              <p>
                <b>7. Generell helse?</b>
              </p>
              <p>
                <b>7.1. Hvordan vurderer du helsen din sånn i alminnelighet? Vil du si at den er…?</b>
              </p>
              <p>
                <b>8. Tannhelse?</b>
              </p>
              <p>
                <b>8.1. Hvordan vurderer du tannhelsen din? Vil du si at den er…?</b>
              </p>
              <p>
                <b>8.2. Når var du sist hos tannlege/tannpleier??</b>
              </p>
              <p>
                <b>8.2.1. Hvorfor er det mer enn 5 år siden du var hos tannlege/tannpleier? (Sett ett eller flere kryss)?</b>
              </p>
              <p>
                <b>8.2.1.1. Økonomiske årsaker?</b>false</p>
              <p>
                <b>8.2.1.2. Redsel/frykt?</b>false</p>
              <p>
                <b>8.2.1.3. Problem med transport/reisevei?</b>false</p>
              <p>
                <b>8.2.1.4. Andre årsaker?</b>false</p>
              <p>
                <b>8.3. Hvor mange av dine tenner har du fortsatt? (Et fullt tannsett er 32 tenner, inkludert visdomstenner)?</b>
              </p>
              <p>
                <b>8.3.1. Bruker du tannprotese??</b>
              </p>
              <p>
                <b>9. Langvarig sykdom/funksjonsnedsettelse?</b>
              </p>
              <p>
                <b>9.1. Har du noen langvarige sykdommer, helseproblemer eller funksjonsnedsettelser?  Vi tenker også på sykdommer eller problemer som er sesongbetonte eller som kommer og går. Betingelsen er at den/de har vart, eller forventes å vare i minst seks måneder?</b>
              </p>
              <p>
                <b>9.1.1. Hvordan påvirker disse sykdommene/helseproblemene/funksjonsnedsettelsene din hverdag??</b>
              </p>
              <p>
                <b>10. Psykisk helse?</b>
              </p>
              <p>
                <b>10.1. I hvilken grad har du vært plaget av nervøsitet eller indre uro den siste uken??</b>
              </p>
              <p>
                <b>10.2. I hvilken grad har du vært plaget av redsel eller engstelse den siste uken??</b>
              </p>
              <p>
                <b>10.3. I hvilken grad har du vært plaget av  en følelse av håpløshet med tanke på fremtiden den siste uken??</b>
              </p>
              <p>
                <b>10.4. I hvilken grad har du vært plaget av nedstemthet eller tungsinn den siste uken??</b>
              </p>
              <p>
                <b>10.5. I hvilken grad har du vært plaget av bekymring eller uro den siste uken??</b>
              </p>
              <p>
                <b>11. Tilgang på fasiliteter lokalt?</b>
              </p>
              <p>
                <b>11.1. Tenk på ditt nærmiljø og din kommune.?</b>
              </p>
              <p>
                <b>11.2. Opplever du at offentlige bygg er lett tilgjengelig??</b>
              </p>
              <p>
                <b>11.3.  Opplever du at kultur- og idrettstilbud (kino, spisesteder, bibliotek, svømmehall, idrettshall etc) er lett tilgjengelig??</b>
              </p>
              <p>
                <b>11.4. Opplever du at butikker og andre servicetilbud er lett tilgjengelig??</b>
              </p>
              <p>
                <b>11.5. Opplever du at offentlig transport er lett tilgjengelig??</b>
              </p>
              <p>
                <b>11.6. Opplever du at grøntarealer er lett tilgjengelig??</b>
              </p>
              <p>
                <b>11.7. Opplever du at det er enkelt for deg å bevege deg i og rundt egen bolig?</b>
              </p>
              <p>
                <b>11.8. Opplever du at det er enkelt for deg å bevege deg i ditt nærmiljø?</b>
              </p>
              <p>
                <b>11.9. Opplever du at det er enkelt for deg å komme deg til natur- og friluftsområde ?</b>
              </p>
              <p>
                <b>11.10. Opplever du at det er enkelt for deg å finne og lese informasjon om offentlige tjenester?</b>
              </p>
              <p>
                <b>11.11. Hva er viktig for at du skal trives i nærmiljøet ditt? (Kryss av de fire viktigste)?</b>
              </p>
              <p>
                <b>11.11.1. At jeg kjenner naboene mine?</b>false</p>
              <p>
                <b>11.11.2. Å få være i fred når jeg ønsker det?</b>false</p>
              <p>
                <b>11.11.3. Å ha tilgang til butikk og spisested i nærmiljøet?</b>false</p>
              <p>
                <b>11.11.4. Å ha tilgang på ulike kommunale tjenester (lege, skole, helsestasjon, NAV etc)?</b>false</p>
              <p>
                <b>11.11.5. At nærmiljøet er pent og velholdt?</b>false</p>
              <p>
                <b>11.11.6. Å ha tilgang til natur- og friluftsområder, sjø og strand?</b>false</p>
              <p>
                <b>11.11.7. Å ha tilgang til kulturaktiviteter?</b>false</p>
              <p>
                <b>11.11.8. Å ha utsikt til natur?</b>false</p>
              <p>
                <b>11.11.9. Gode gang- og sykkelveier?</b>false</p>
              <p>
                <b>11.11.10. Gode parkeringsmuligheter?</b>false</p>
              <p>
                <b>11.11.11. Tilgang på felles møteplasser?</b>false</p>
              <p>
                <b>12. Mestring og livskvalitet?</b>
              </p>
              <p>
                <b>12.1. Ser du en løsning på problemer og vanskeligheter som andre finner håpløse??</b>
              </p>
              <p>
                <b>12.2. Føler du at dagliglivet ditt er meningsfullt og givende??</b>
              </p>
              <p>
                <b>12.3. Opplever du at ting som hender deg i ditt daglige liv er vanskelig å forstå??</b>
              </p>
              <p>
                <b>13. Sosial støtte og ensomhet?</b>
              </p>
              <p>
                <b>13.1. Hvor mange personer står deg så nær at du kan regne med dem hvis du har store personlige problemer??</b>
              </p>
              <p>
                <b>13.2. Hvor stor interesse viser andre for det du gjør? Vil du si at de viser…?</b>
              </p>
              <p>
                <b>13.3. Det å få praktisk hjelp fra naboer om du skulle trenge det, er det…?</b>
              </p>
              <p>
                <b>13.4. Hvor ofte føler du at du savner noen å være sammen med??</b>
              </p>
              <p>
                <b>13.5. Hvor ofte føler du deg utenfor??</b>
              </p>
              <p>
                <b>13.6. Hvor ofte føler du deg isolert fra andre? ?</b>
              </p>
              <p>
                <b>14. Deltagelse i aktiviteter?</b>
              </p>
              <p>
                <b>14.1. Hvor ofte deltar du i organisert aktivitet/ frivillig arbeid som f.eks. idrettslag, politiske lag, trossamfunn, kor eller andre lignende ting??</b>
              </p>
              <p>
                <b>14.1.1. Hvorfor deltar du ikke? (Sett ett eller flere kryss)?</b>
              </p>
              <p>
                <b>14.1.1.1. Vet ikke hva som foregår/ det er ikke tilgjengelig informasjon?</b>false</p>
              <p>
                <b>14.1.1.2. Kjenner ingen andre som er med?</b>false</p>
              <p>
                <b>14.1.1.3. Har ikke tid?</b>false</p>
              <p>
                <b>14.1.1.4. Er ikke interessert?</b>false</p>
              <p>
                <b>14.1.1.5. Føler ikke tilhørighet?</b>false</p>
              <p>
                <b>14.1.1.6. Det snakkes et språk jeg ikke mestrer?</b>false</p>
              <p>
                <b>14.1.1.7. Det er for dyrt?</b>false</p>
              <p>
                <b>14.1.1.8. Orker ikke/gidder ikke?</b>false</p>
              <p>
                <b>14.2. Hvor ofte deltar du i annen aktivitet, som for eksempel klubb, møter, treffe venner, trimturer med venner/ kolleger eller andre??</b>
              </p>
              <p>
                <b>14.2.1. Hvorfor deltar du ikke? (Sett ett eller flere kryss)?</b>
              </p>
              <p>
                <b>14.2.1.1. Vet ikke hva som foregår/ det er ikke tilgjengelig informasjon?</b>false</p>
              <p>
                <b>14.2.1.2. Kjenner ingen andre som er med?</b>false</p>
              <p>
                <b>14.2.1.3. Har ikke tid?</b>false</p>
              <p>
                <b>14.2.1.4. Er ikke interessert?</b>false</p>
              <p>
                <b>14.2.1.5. Føler ikke tilhørighet?</b>false</p>
              <p>
                <b>14.2.1.6. Det snakkes et språk jeg ikke mestrer?</b>false</p>
              <p>
                <b>14.2.1.7. Det er for dyrt?</b>false</p>
              <p>
                <b>14.2.1.8. Orker ikke/gidder ikke?</b>false</p>
              <p>
                <b>15. Fysisk aktivitet?</b>
              </p>
              <p>
                <b>15.1. Meget anstrengende aktivitet?</b>
              </p>
              <p>
                <b>15.1.1. Tenk på all meget anstrengende aktivitet du har drevet med de siste 7 dagene. Meget anstrengende aktivitet er aktivitet som krever hard innsats og får deg til å puste mye mer enn vanlig. Ta bare med aktiviteter som varer minst 10 minutter i strekk.?</b>
              </p>
              <p>
                <b>15.1.2. Hvor mange dager i løpet av de siste 7 dagene har du drevet med meget anstrengende fysisk aktivitet som tunge løft, gravearbeid, aerobics, løp eller rask sykling??</b>
              </p>
              <p>
                <b>15.1.1.2. Hvor lang tid brukte du vanligvis på meget anstrengende fysisk aktivitet på en av disse dagene??</b>
              </p>
              <p>
                <b>15.1.1.2.1. Vet ikke/usikker?</b>false</p>
              <p>
                <b>15.1.1.2.2. Antall timer pr. dag?</b>
              </p>
              <p>
                <b>15.1.1.2.3. Antall minutter pr. dag?</b>
              </p>
              <p>
                <b>15.2. Middels anstrengende aktivitet?</b>
              </p>
              <p>
                <b>15.2.1. Tenk på all middels anstrengende aktivitet du har drevet med de siste 7 dagene. Middels anstrengende aktivitet er aktivitet som krever moderat innsats og får deg til å puste litt mer enn vanlig. Ta bare med aktiviteter som varer minst 10 minutter i strekk.?</b>
              </p>
              <p>
                <b>15.2.2. Hvor mange dager i løpet av de siste 7 dagene har du drevet med middels anstrengende fysisk aktivitet som å bære lette ting, jogge eller sykle i moderat tempo? Ikke ta med gange.?</b>
              </p>
              <p>
                <b>15.2.2.1. Hvor lang tid brukte du vanligvis på middels anstrengende fysisk aktivitet på en av disse dagene??</b>
              </p>
              <p>
                <b>15.2.2.1.1. Vet ikke/usikker?</b>false</p>
              <p>
                <b>15.2.2.1.2. Antall timer pr. dag?</b>
              </p>
              <p>
                <b>15.2.2.1.3. Antall minutter pr. dag?</b>
              </p>
              <p>
                <b>15.3. Gange?</b>
              </p>
              <p>
                <b>15.3.1. Tenk på tiden du har brukt på å gå de siste 7 dagene. Dette inkluderer gange på jobb og hjemme, gange fra et sted til et annet eller gange som du gjør på tur eller som trening på fritiden.?</b>
              </p>
              <p>
                <b>15.3.2. Hvor mange dager i løpet av de siste 7 dagene gikk du i minst 10 minutter i strekk??</b>
              </p>
              <p>
                <b>15.3.2.1. Hvor lang tid brukte du vanligvis på å gå på en av disse dagene??</b>
              </p>
              <p>
                <b>15.3.2.1.1. Vet ikke/usikker?</b>false</p>
              <p>
                <b>15.3.2.1.2. Antall timer pr. dag?</b>
              </p>
              <p>
                <b>15.3.2.1.3. Antall minutter pr. dag?</b>
              </p>
              <p>
                <b>15.4. Stillesitting?</b>
              </p>
              <p>
                <b>15.4.1. Det neste spørsmålet omfatter all tid du tilbrakte sittende på ukedagene i løpet av de siste 7 dagene. Inkluder tid du har brukt på å sitte på jobb, hjemme, på kurs og på fritiden. Dette kan tilsvare tiden du sitter ved et arbeidsbord, hos venner, mens du leser, eller sitter eller ligger for å se på TV.?</b>
              </p>
              <p>
                <b>15.4.2. Hvor lang tid brukte du på å sitte på en vanlig hverdag i løpet av de siste 7 dagene??</b>
              </p>
              <p>
                <b>15.4.2.1. Vet ikke/usikker?</b>false</p>
              <p>
                <b>15.4.2.2. Antall timer pr. dag?</b>
              </p>
              <p>
                <b>15.4.2.3. Antall minutter pr. dag?</b>
              </p>
              <p>
                <b>16. Kosthold?</b>
              </p>
              <p>
                <b>16.1. Hvor ofte drikker du vanligvis sukkerholdig brus/leskedrikk??</b>
              </p>
              <p>
                <b>16.2. Hvor ofte spiser du vanligvis frukt og bær (regn ikke med juice eller fruktsaft)??</b>
              </p>
              <p>
                <b>16.3. Hvor ofte spiser du vanligvis grønnsaker (inkludert salat)??</b>
              </p>
              <p>
                <b>16.4. Hvor ofte spiser du vanligvis fisk (som pålegg eller middag)?            ?</b>
              </p>
              <p>
                <b>17. Tobakk?</b>
              </p>
              <p>
                <b>17.1. Røyker du??</b>
              </p>
              <p>
                <b>17.2. Bruker du snus??</b>
              </p>
              <p>
                <b>18. Alkohol?</b>
              </p>
              <p>
                <b>18.1. Så går vi over til spørsmål om alkohol. Vi tenker her på alle alkoholholdige drikker, som øl, vin, brennevin, rusbrus med videre.?</b>
              </p>
              <p>
                <b>18.2. Har du noen gang drukket alkohol??</b>
              </p>
              <p>
                <b>18.2.1. I løpet av de siste 12 måneder, hvor ofte har du drukket alkohol??</b>
              </p>
              <p>
                <b>18.2.1.1. Én enhet alkohol tilsvarer én liten flaske øl, ett glass vin eller én drink: ?</b>
              </p>
              <p>
                <b>18.2.1.2. Hvor mange alkoholenheter tar du på en "typisk" dag når du drikker alkohol??</b>
              </p>
              <p>
                <b>18.2.1.3. Én enhet alkohol tilsvarer én liten flaske øl, ett glass vin eller én drink: ?</b>
              </p>
              <p>
                <b>18.2.1.4. Hvor ofte drikker du seks alkoholenheter eller mer ved én og samme anledning??</b>
              </p>
              <p>
                <b>19. Skader?</b>
              </p>
              <p>
                <b>19.1. Det følgende spørsmålet gjelder nye skader i perioden, ikke behandling av gamle skader. ‘Oppsøkt lege’ inkluderer både fastlege, legevakt og kontakt med spesialisthelsetjenesten.?</b>
              </p>
              <p>
                <b>19.2. Har du i løpet av de siste 12 måneder vært utsatt for en eller flere skader som førte til at du oppsøkte lege eller tannlege??</b>
              </p>
              <p>
                <b>19.2.1. Var skaden et resultat av en… (Sett ett eller flere kryss)?</b>
              </p>
              <p>
                <b>19.2.1.1. Trafikkulykke?</b>false</p>
              <p>
                <b>19.2.1.2. Arbeidsulykke?</b>false</p>
              <p>
                <b>19.2.1.3. Ulykke på skole eller utdanning?</b>false</p>
              <p>
                <b>19.2.1.4. Hjemmeulykke?</b>false</p>
              <p>
                <b>19.2.1.5. Fritidsulykke (ikke organisert aktivitet)?</b>false</p>
              <p>
                <b>19.2.1.6. Ulykke i forbindelse med organisert sport- og idrett?</b>false</p>
              <p>
                <b>19.2.1.7. Voldshandling?</b>false</p>
              <p>
                <b>19.2.1.8. Annet?</b>false</p>
              <p>
                <b>20. Støy?</b>
              </p>
              <p>
                <b>20.1. Hvis du tenker på de siste 12 månedene, hvor plaget er du av støy fra veitrafikk når du er hjemme? ?</b>
              </p>
              <p>
                <b>20.2. Hvis du tenker på de siste 12 månedene, hvor plaget er du av støy fra andre kilder når du er hjemme? ?</b>
              </p>
              <p>
                <b>20.3. Hvis du tenker på de siste 12 månedene, hvor plaget er du av støy på arbeid eller skole??</b>
              </p>
              <p>
                <b>21. Kroppshøyde og vekt?</b>
              </p>
              <p>
                <b>21.1. Hvor høy er du uten sko (oppgi i cm)??</b>
              </p>
              <p>
                <b>21.2. Hvor mye veier du uten klær og sko (oppgi i kg)? (Hvis gravid, vekt før graviditet)?</b>
              </p>
              <p>
                <b>22. Samboerstatus?</b>
              </p>
              <p>
                <b>22.1. Er du gift/samboer eller enslig??</b>
              </p>
              <p>
                <b>23. Antall personer i husholdningen?</b>
              </p>
              <p>
                <b>23.1. Hvor mange personer bor du sammen med? (Regn bare med personer som du har felles husholdning med og regn ikke med deg selv)?</b>
              </p>
              <p>
                <b>23.1.1. Hvor mange av disse har ennå ikke fylt 18 år? (Regn bare med personer som du har felles husholdning med)?</b>
              </p>
              <p>
                <b>24. Økonomi?</b>
              </p>
              <p>
                <b>24.1. Har du (husholdningen) mulighet til å klare en uforutsett utgift på 10 000 kr i løpet av en måned, uten å måtte ta opp ekstra lån, bruk av kreditt, salg av eiendeler, eller motta hjelp fra andre??</b>
              </p>
              <p>
                <b>24.2. Hvordan opplever du din økonomiske situasjon sammenlignet med andre i Norge??</b>
              </p>
              <p>
                <b>25. Reisevaner til og fra jobb/skole?</b>
              </p>
              <p>
                <b>25.1. Hvor langt er det fra hjemsted til arbeidssted, skole eller studiested? (oppgi i km)?</b>
              </p>
              <p>
                <b>25.2. På hvilken måte reiser du vanligvis fra hjem til arbeid/skole? (Flere svar er mulig, hvis man normalt kombinerer flere typer reisemåter til og/eller fra jobb) ?</b>
              </p>
              <p>
                <b>25.2.1. Til fots?</b>false</p>
              <p>
                <b>25.2.2. Sykkel/elsykkel?</b>false</p>
              <p>
                <b>25.2.3. Privat motorkjøretøy (bil/motorsykkel)?</b>false</p>
              <p>
                <b>25.2.4. Kollektivtransport?</b>false</p>
              <p>
                <b>26. Bolig?</b>
              </p>
              <p>
                <b>26.1. Hva slags bolig bor du i??</b>
              </p>
              <p>
                <b>26.2. Hvor fornøyd, eller misfornøyd er du med boligen din??</b>
              </p>
              <p>
                <b>27. Bostrøk?</b>
              </p>
              <p>
                <b>27.1. Bor du i...??</b>
              </p>
              <p>
                <b>28. Jobbsituasjon?</b>
              </p>
              <p>
                <b>28.1. Hvor enig eller uenig er du i disse utsagnene:?</b>
              </p>
              <p>
                <b>28.2. Jeg har et godt fysisk arbeidsmiljø;?</b>
              </p>
              <p>
                <b>28.3. Jeg har vanligvis en god balanse mellom arbeidsliv og privatliv;?</b>
              </p>
              <p>
                <b>28.4. Arbeidet mitt er sjelden så belastende at det går ut over helsen min;?</b>
              </p>
              <p>
                <b>28.5. Jeg er alt i alt fornøyd med jobben min;?</b>
              </p>
              <p>
                <b>29. Fornøydhet med livet?</b>
              </p>
              <p>
                <b>29.1. Alt i alt, når du tenker på hvordan du har det for tida, er du stort sett fornøyd med tilværelsen eller er du stort sett misfornøyd??</b>
              </p>
              <p>
                <b>30. Har du noen kommentarer??</b>
              </p>
              <p>
                <b>30.1. Oppgi dine kommentarer her?</b>adsfsdaf</p>
            </div>
          </text>
          <questionnaire>
            <reference value="urn:uuid:5f262af1-c443-4e2b-ac4c-5bc51804343e" />
          </questionnaire>
          <status value="in-progress" />
          <item>
            <linkId value="0" />
            <text value="Dette er en undersøkelse om helse, trivsel og andre forhold som har betydning for folkehelsen. Undersøkelsen vil ta ca. 20 minutter." />
          </item>
          <item>
            <linkId value="1" />
            <text value="Samtykke" />
            <item>
              <linkId value="1.1" />
              <text value="Hva skjer med dine opplysninger? " />
            </item>
            <item>
              <linkId value="1.2" />
              <text value="Vi ønsker flest mulig gode leveår for alle i Hordaland og vil legge til rette for det ved å bruke svarene fra denne spørreundersøkelsen." />
            </item>
            <item>
              <linkId value="1.3" />
              <text value="Undersøkelsens formål er å skaffe resultater som fylkes- og bostedskommunen din kan bruke i sitt folkehelsearbeid. I tillegg ønsker vi også å bruke de innsamlede opplysningene til forskning som kan komme folkehelsearbeidet til nytte. I denne sammenhengen kan det være aktuelt å hente inn opplysninger om husholdning, landbakgrunn, sysselsetting, inntekt og helse fra Statistisk Sentralbyrå sine registre. Dette er for å få best mulige analyser og kvalitetskontroll.  " />
            </item>
            <item>
              <linkId value="1.4" />
              <text value="Opplysningene du gir blir oppbevart og behandlet i henhold til gjeldende regler om personvern. Alle opplysningene vil bli behandlet uten navn og fødselsnummer eller andre direkte gjenkjennende opplysninger. Undersøkelsen er godkjent av Datatilsynet og all forskning vil følge reglene i helseforskningsloven, og bli utført av Folkehelseinstituttet, eller andre forskningsinstitusjoner godkjent av regionale forskningsetiske komiteer. Det vil ikke være mulig å gjenkjenne enkeltpersoner i statistikk eller forskning fra undersøkelsen. Resultater vil kun bli publisert på grupper og aldri på individnivå. " />
            </item>
            <item>
              <linkId value="1.5" />
              <text value="Opplysningene vil bli oppbevart opptil ti år etter avsluttet innsamling. Fylkeskommunen/bostedskommunen vil kun motta anonyme datafiler for videre analyser." />
            </item>
            <item>
              <linkId value="1.6" />
              <text value="Jeg samtykker/godkjenner at avgitte opplysninger kan brukes i samsvar med dette. Samtykker du ikke, trykk avbryt nederst i skjemaet. " />
              <answer>
                <valueBoolean value="true" />
              </answer>
            </item>
          </item>
          <item>
            <linkId value="2" />
            <text value="Utdanning" />
            <item>
              <linkId value="2.1" />
              <text value="Hva er din høyeste fullførte utdanning? " />
              <answer>
                <valueCoding>
                  <system value="http://fhi.no/utdanning" />
                  <code value="1" />
                  <display value="Grunnskole/framhaldsskole/folkehøyskole inntil 10 år" />
                </valueCoding>
              </answer>
            </item>
          </item>
          <item>
            <linkId value="3" />
            <text value="Arbeids- eller livssituasjon" />
            <item>
              <linkId value="3.1" />
              <text value="Hvilken arbeids- eller livssituasjon er du i? (Sett ett eller flere kryss)" />
              <item>
                <linkId value="3.1.1" />
                <text value="Yrkesaktiv heltid" />
                <answer>
                  <valueBoolean value="true" />
                </answer>
              </item>
              <item>
                <linkId value="3.1.2" />
                <text value="Yrkesaktiv deltid" />
                <answer>
                  <valueBoolean value="false" />
                </answer>
              </item>
              <item>
                <linkId value="3.1.3" />
                <text value="Hjemmeværende" />
                <answer>
                  <valueBoolean value="false" />
                </answer>
              </item>
              <item>
                <linkId value="3.1.4" />
                <text value="Alderspensjonist" />
                <answer>
                  <valueBoolean value="false" />
                </answer>
              </item>
              <item>
                <linkId value="3.1.5" />
                <text value="Sykmeldt" />
                <answer>
                  <valueBoolean value="false" />
                </answer>
              </item>
              <item>
                <linkId value="3.1.6" />
                <text value="Uføretrygdet/mottar arbeidsavklaringspenger" />
                <answer>
                  <valueBoolean value="false" />
                </answer>
              </item>
              <item>
                <linkId value="3.1.7" />
                <text value="Mottar sosialstønad" />
                <answer>
                  <valueBoolean value="false" />
                </answer>
              </item>
              <item>
                <linkId value="3.1.8" />
                <text value="Arbeidsledig" />
                <answer>
                  <valueBoolean value="false" />
                </answer>
              </item>
              <item>
                <linkId value="3.1.9" />
                <text value="Student/militærtjeneste" />
                <answer>
                  <valueBoolean value="false" />
                </answer>
              </item>
            </item>
          </item>
          <item>
            <linkId value="4" />
            <text value="Inntekt" />
            <item>
              <linkId value="4.1" />
              <text value="Hva var din husstands samlede bruttoinntekt siste år? (Ta med alle inntekter fra arbeid, trygder, sosialhjelp og lignende)" />
              <answer>
                <valueCoding>
                  <system value="http://fhi.no/inntekt" />
                  <code value="2" />
                  <display value="150 000-250 000 kr" />
                </valueCoding>
              </answer>
            </item>
          </item>
          <item>
            <linkId value="5" />
            <text value="Trivsel" />
            <item>
              <linkId value="5.1" />
              <text value="I hvilken grad trives du i nærmiljøet ditt? " />
              <answer>
                <valueCoding>
                  <system value="http://fhi.no/kodeverk/gradering" />
                  <code value="1" />
                  <display value="I stor grad" />
                </valueCoding>
              </answer>
            </item>
          </item>
          <item>
            <linkId value="6" />
            <text value="Trygghet" />
            <item>
              <linkId value="6.1" />
              <text value="I hvilken grad føler du deg trygg i nærmiljøet ditt? " />
              <answer>
                <valueCoding>
                  <system value="http://fhi.no/kodeverk/gradering" />
                  <code value="1" />
                  <display value="I stor grad" />
                </valueCoding>
              </answer>
            </item>
          </item>
          <item>
            <linkId value="7" />
            <text value="Generell helse" />
            <item>
              <linkId value="7.1" />
              <text value="Hvordan vurderer du helsen din sånn i alminnelighet? Vil du si at den er…" />
            </item>
          </item>
          <item>
            <linkId value="8" />
            <text value="Tannhelse" />
            <item>
              <linkId value="8.1" />
              <text value="Hvordan vurderer du tannhelsen din? Vil du si at den er…" />
            </item>
            <item>
              <linkId value="8.2" />
              <text value="Når var du sist hos tannlege/tannpleier?" />
              <answer>
                <item>
                  <linkId value="8.2.1" />
                  <text value="Hvorfor er det mer enn 5 år siden du var hos tannlege/tannpleier? (Sett ett eller flere kryss)" />
                  <item>
                    <linkId value="8.2.1.1" />
                    <text value="Økonomiske årsaker" />
                    <answer>
                      <valueBoolean value="false" />
                    </answer>
                  </item>
                  <item>
                    <linkId value="8.2.1.2" />
                    <text value="Redsel/frykt" />
                    <answer>
                      <valueBoolean value="false" />
                    </answer>
                  </item>
                  <item>
                    <linkId value="8.2.1.3" />
                    <text value="Problem med transport/reisevei" />
                    <answer>
                      <valueBoolean value="false" />
                    </answer>
                  </item>
                  <item>
                    <linkId value="8.2.1.4" />
                    <text value="Andre årsaker" />
                    <answer>
                      <valueBoolean value="false" />
                    </answer>
                  </item>
                </item>
              </answer>
            </item>
            <item>
              <linkId value="8.3" />
              <text value="Hvor mange av dine tenner har du fortsatt? (Et fullt tannsett er 32 tenner, inkludert visdomstenner)" />
              <answer>
                <item>
                  <linkId value="8.3.1" />
                  <text value="Bruker du tannprotese?" />
                </item>
              </answer>
            </item>
          </item>
          <item>
            <linkId value="9" />
            <text value="Langvarig sykdom/funksjonsnedsettelse" />
            <item>
              <linkId value="9.1" />
              <text value="Har du noen langvarige sykdommer, helseproblemer eller funksjonsnedsettelser?  Vi tenker også på sykdommer eller problemer som er sesongbetonte eller som kommer og går. Betingelsen er at den/de har vart, eller forventes å vare i minst seks måneder" />
              <answer>
                <item>
                  <linkId value="9.1.1" />
                  <text value="Hvordan påvirker disse sykdommene/helseproblemene/funksjonsnedsettelsene din hverdag?" />
                </item>
              </answer>
            </item>
          </item>
          <item>
            <linkId value="10" />
            <text value="Psykisk helse" />
            <item>
              <linkId value="10.1" />
              <text value="I hvilken grad har du vært plaget av nervøsitet eller indre uro den siste uken?" />
            </item>
            <item>
              <linkId value="10.2" />
              <text value="I hvilken grad har du vært plaget av redsel eller engstelse den siste uken?" />
            </item>
            <item>
              <linkId value="10.3" />
              <text value="I hvilken grad har du vært plaget av  en følelse av håpløshet med tanke på fremtiden den siste uken?" />
            </item>
            <item>
              <linkId value="10.4" />
              <text value="I hvilken grad har du vært plaget av nedstemthet eller tungsinn den siste uken?" />
            </item>
            <item>
              <linkId value="10.5" />
              <text value="I hvilken grad har du vært plaget av bekymring eller uro den siste uken?" />
            </item>
          </item>
          <item>
            <linkId value="11" />
            <text value="Tilgang på fasiliteter lokalt" />
            <item>
              <linkId value="11.1" />
              <text value="Tenk på ditt nærmiljø og din kommune." />
            </item>
            <item>
              <linkId value="11.2" />
              <text value="Opplever du at offentlige bygg er lett tilgjengelig?" />
            </item>
            <item>
              <linkId value="11.3" />
              <text value=" Opplever du at kultur- og idrettstilbud (kino, spisesteder, bibliotek, svømmehall, idrettshall etc) er lett tilgjengelig?" />
            </item>
            <item>
              <linkId value="11.4" />
              <text value="Opplever du at butikker og andre servicetilbud er lett tilgjengelig?" />
            </item>
            <item>
              <linkId value="11.5" />
              <text value="Opplever du at offentlig transport er lett tilgjengelig?" />
            </item>
            <item>
              <linkId value="11.6" />
              <text value="Opplever du at grøntarealer er lett tilgjengelig?" />
            </item>
            <item>
              <linkId value="11.7" />
              <text value="Opplever du at det er enkelt for deg å bevege deg i og rundt egen bolig" />
            </item>
            <item>
              <linkId value="11.8" />
              <text value="Opplever du at det er enkelt for deg å bevege deg i ditt nærmiljø" />
            </item>
            <item>
              <linkId value="11.9" />
              <text value="Opplever du at det er enkelt for deg å komme deg til natur- og friluftsområde " />
            </item>
            <item>
              <linkId value="11.10" />
              <text value="Opplever du at det er enkelt for deg å finne og lese informasjon om offentlige tjenester" />
            </item>
            <item>
              <linkId value="11.11" />
              <text value="Hva er viktig for at du skal trives i nærmiljøet ditt? (Kryss av de fire viktigste)" />
              <item>
                <linkId value="11.11.1" />
                <text value="At jeg kjenner naboene mine" />
                <answer>
                  <valueBoolean value="false" />
                </answer>
              </item>
              <item>
                <linkId value="11.11.2" />
                <text value="Å få være i fred når jeg ønsker det" />
                <answer>
                  <valueBoolean value="false" />
                </answer>
              </item>
              <item>
                <linkId value="11.11.3" />
                <text value="Å ha tilgang til butikk og spisested i nærmiljøet" />
                <answer>
                  <valueBoolean value="false" />
                </answer>
              </item>
              <item>
                <linkId value="11.11.4" />
                <text value="Å ha tilgang på ulike kommunale tjenester (lege, skole, helsestasjon, NAV etc)" />
                <answer>
                  <valueBoolean value="false" />
                </answer>
              </item>
              <item>
                <linkId value="11.11.5" />
                <text value="At nærmiljøet er pent og velholdt" />
                <answer>
                  <valueBoolean value="false" />
                </answer>
              </item>
              <item>
                <linkId value="11.11.6" />
                <text value="Å ha tilgang til natur- og friluftsområder, sjø og strand" />
                <answer>
                  <valueBoolean value="false" />
                </answer>
              </item>
              <item>
                <linkId value="11.11.7" />
                <text value="Å ha tilgang til kulturaktiviteter" />
                <answer>
                  <valueBoolean value="false" />
                </answer>
              </item>
              <item>
                <linkId value="11.11.8" />
                <text value="Å ha utsikt til natur" />
                <answer>
                  <valueBoolean value="false" />
                </answer>
              </item>
              <item>
                <linkId value="11.11.9" />
                <text value="Gode gang- og sykkelveier" />
                <answer>
                  <valueBoolean value="false" />
                </answer>
              </item>
              <item>
                <linkId value="11.11.10" />
                <text value="Gode parkeringsmuligheter" />
                <answer>
                  <valueBoolean value="false" />
                </answer>
              </item>
              <item>
                <linkId value="11.11.11" />
                <text value="Tilgang på felles møteplasser" />
                <answer>
                  <valueBoolean value="false" />
                </answer>
              </item>
            </item>
          </item>
          <item>
            <linkId value="12" />
            <text value="Mestring og livskvalitet" />
            <item>
              <linkId value="12.1" />
              <text value="Ser du en løsning på problemer og vanskeligheter som andre finner håpløse?" />
            </item>
            <item>
              <linkId value="12.2" />
              <text value="Føler du at dagliglivet ditt er meningsfullt og givende?" />
            </item>
            <item>
              <linkId value="12.3" />
              <text value="Opplever du at ting som hender deg i ditt daglige liv er vanskelig å forstå?" />
            </item>
          </item>
          <item>
            <linkId value="13" />
            <text value="Sosial støtte og ensomhet" />
            <item>
              <linkId value="13.1" />
              <text value="Hvor mange personer står deg så nær at du kan regne med dem hvis du har store personlige problemer?" />
            </item>
            <item>
              <linkId value="13.2" />
              <text value="Hvor stor interesse viser andre for det du gjør? Vil du si at de viser…" />
            </item>
            <item>
              <linkId value="13.3" />
              <text value="Det å få praktisk hjelp fra naboer om du skulle trenge det, er det…" />
            </item>
            <item>
              <linkId value="13.4" />
              <text value="Hvor ofte føler du at du savner noen å være sammen med?" />
            </item>
            <item>
              <linkId value="13.5" />
              <text value="Hvor ofte føler du deg utenfor?" />
            </item>
            <item>
              <linkId value="13.6" />
              <text value="Hvor ofte føler du deg isolert fra andre? " />
            </item>
          </item>
          <item>
            <linkId value="14" />
            <text value="Deltagelse i aktiviteter" />
            <item>
              <linkId value="14.1" />
              <text value="Hvor ofte deltar du i organisert aktivitet/ frivillig arbeid som f.eks. idrettslag, politiske lag, trossamfunn, kor eller andre lignende ting?" />
              <answer>
                <item>
                  <linkId value="14.1.1" />
                  <text value="Hvorfor deltar du ikke? (Sett ett eller flere kryss)" />
                  <item>
                    <linkId value="14.1.1.1" />
                    <text value="Vet ikke hva som foregår/ det er ikke tilgjengelig informasjon" />
                    <answer>
                      <valueBoolean value="false" />
                    </answer>
                  </item>
                  <item>
                    <linkId value="14.1.1.2" />
                    <text value="Kjenner ingen andre som er med" />
                    <answer>
                      <valueBoolean value="false" />
                    </answer>
                  </item>
                  <item>
                    <linkId value="14.1.1.3" />
                    <text value="Har ikke tid" />
                    <answer>
                      <valueBoolean value="false" />
                    </answer>
                  </item>
                  <item>
                    <linkId value="14.1.1.4" />
                    <text value="Er ikke interessert" />
                    <answer>
                      <valueBoolean value="false" />
                    </answer>
                  </item>
                  <item>
                    <linkId value="14.1.1.5" />
                    <text value="Føler ikke tilhørighet" />
                    <answer>
                      <valueBoolean value="false" />
                    </answer>
                  </item>
                  <item>
                    <linkId value="14.1.1.6" />
                    <text value="Det snakkes et språk jeg ikke mestrer" />
                    <answer>
                      <valueBoolean value="false" />
                    </answer>
                  </item>
                  <item>
                    <linkId value="14.1.1.7" />
                    <text value="Det er for dyrt" />
                    <answer>
                      <valueBoolean value="false" />
                    </answer>
                  </item>
                  <item>
                    <linkId value="14.1.1.8" />
                    <text value="Orker ikke/gidder ikke" />
                    <answer>
                      <valueBoolean value="false" />
                    </answer>
                  </item>
                </item>
              </answer>
            </item>
            <item>
              <linkId value="14.2" />
              <text value="Hvor ofte deltar du i annen aktivitet, som for eksempel klubb, møter, treffe venner, trimturer med venner/ kolleger eller andre?" />
              <answer>
                <item>
                  <linkId value="14.2.1" />
                  <text value="Hvorfor deltar du ikke? (Sett ett eller flere kryss)" />
                  <item>
                    <linkId value="14.2.1.1" />
                    <text value="Vet ikke hva som foregår/ det er ikke tilgjengelig informasjon" />
                    <answer>
                      <valueBoolean value="false" />
                    </answer>
                  </item>
                  <item>
                    <linkId value="14.2.1.2" />
                    <text value="Kjenner ingen andre som er med" />
                    <answer>
                      <valueBoolean value="false" />
                    </answer>
                  </item>
                  <item>
                    <linkId value="14.2.1.3" />
                    <text value="Har ikke tid" />
                    <answer>
                      <valueBoolean value="false" />
                    </answer>
                  </item>
                  <item>
                    <linkId value="14.2.1.4" />
                    <text value="Er ikke interessert" />
                    <answer>
                      <valueBoolean value="false" />
                    </answer>
                  </item>
                  <item>
                    <linkId value="14.2.1.5" />
                    <text value="Føler ikke tilhørighet" />
                    <answer>
                      <valueBoolean value="false" />
                    </answer>
                  </item>
                  <item>
                    <linkId value="14.2.1.6" />
                    <text value="Det snakkes et språk jeg ikke mestrer" />
                    <answer>
                      <valueBoolean value="false" />
                    </answer>
                  </item>
                  <item>
                    <linkId value="14.2.1.7" />
                    <text value="Det er for dyrt" />
                    <answer>
                      <valueBoolean value="false" />
                    </answer>
                  </item>
                  <item>
                    <linkId value="14.2.1.8" />
                    <text value="Orker ikke/gidder ikke" />
                    <answer>
                      <valueBoolean value="false" />
                    </answer>
                  </item>
                </item>
              </answer>
            </item>
          </item>
          <item>
            <linkId value="15" />
            <text value="Fysisk aktivitet" />
            <item>
              <linkId value="15.1" />
              <text value="Meget anstrengende aktivitet" />
              <item>
                <linkId value="15.1.1" />
                <text value="Tenk på all meget anstrengende aktivitet du har drevet med de siste 7 dagene. Meget anstrengende aktivitet er aktivitet som krever hard innsats og får deg til å puste mye mer enn vanlig. Ta bare med aktiviteter som varer minst 10 minutter i strekk." />
              </item>
              <item>
                <linkId value="15.1.2" />
                <text value="Hvor mange dager i løpet av de siste 7 dagene har du drevet med meget anstrengende fysisk aktivitet som tunge løft, gravearbeid, aerobics, løp eller rask sykling?" />
                <answer>
                  <item>
                    <linkId value="15.1.1.2" />
                    <text value="Hvor lang tid brukte du vanligvis på meget anstrengende fysisk aktivitet på en av disse dagene?" />
                    <item>
                      <linkId value="15.1.1.2.1" />
                      <text value="Vet ikke/usikker" />
                      <answer>
                        <valueBoolean value="false" />
                      </answer>
                    </item>
                    <item>
                      <linkId value="15.1.1.2.2" />
                      <text value="Antall timer pr. dag" />
                    </item>
                    <item>
                      <linkId value="15.1.1.2.3" />
                      <text value="Antall minutter pr. dag" />
                    </item>
                  </item>
                </answer>
              </item>
            </item>
            <item>
              <linkId value="15.2" />
              <text value="Middels anstrengende aktivitet" />
              <item>
                <linkId value="15.2.1" />
                <text value="Tenk på all middels anstrengende aktivitet du har drevet med de siste 7 dagene. Middels anstrengende aktivitet er aktivitet som krever moderat innsats og får deg til å puste litt mer enn vanlig. Ta bare med aktiviteter som varer minst 10 minutter i strekk." />
              </item>
              <item>
                <linkId value="15.2.2" />
                <text value="Hvor mange dager i løpet av de siste 7 dagene har du drevet med middels anstrengende fysisk aktivitet som å bære lette ting, jogge eller sykle i moderat tempo? Ikke ta med gange." />
                <answer>
                  <item>
                    <linkId value="15.2.2.1" />
                    <text value="Hvor lang tid brukte du vanligvis på middels anstrengende fysisk aktivitet på en av disse dagene?" />
                    <item>
                      <linkId value="15.2.2.1.1" />
                      <text value="Vet ikke/usikker" />
                      <answer>
                        <valueBoolean value="false" />
                      </answer>
                    </item>
                    <item>
                      <linkId value="15.2.2.1.2" />
                      <text value="Antall timer pr. dag" />
                    </item>
                    <item>
                      <linkId value="15.2.2.1.3" />
                      <text value="Antall minutter pr. dag" />
                    </item>
                  </item>
                </answer>
              </item>
            </item>
            <item>
              <linkId value="15.3" />
              <text value="Gange" />
              <item>
                <linkId value="15.3.1" />
                <text value="Tenk på tiden du har brukt på å gå de siste 7 dagene. Dette inkluderer gange på jobb og hjemme, gange fra et sted til et annet eller gange som du gjør på tur eller som trening på fritiden." />
              </item>
              <item>
                <linkId value="15.3.2" />
                <text value="Hvor mange dager i løpet av de siste 7 dagene gikk du i minst 10 minutter i strekk?" />
                <answer>
                  <item>
                    <linkId value="15.3.2.1" />
                    <text value="Hvor lang tid brukte du vanligvis på å gå på en av disse dagene?" />
                    <item>
                      <linkId value="15.3.2.1.1" />
                      <text value="Vet ikke/usikker" />
                      <answer>
                        <valueBoolean value="false" />
                      </answer>
                    </item>
                    <item>
                      <linkId value="15.3.2.1.2" />
                      <text value="Antall timer pr. dag" />
                    </item>
                    <item>
                      <linkId value="15.3.2.1.3" />
                      <text value="Antall minutter pr. dag" />
                    </item>
                  </item>
                </answer>
              </item>
            </item>
            <item>
              <linkId value="15.4" />
              <text value="Stillesitting" />
              <item>
                <linkId value="15.4.1" />
                <text value="Det neste spørsmålet omfatter all tid du tilbrakte sittende på ukedagene i løpet av de siste 7 dagene. Inkluder tid du har brukt på å sitte på jobb, hjemme, på kurs og på fritiden. Dette kan tilsvare tiden du sitter ved et arbeidsbord, hos venner, mens du leser, eller sitter eller ligger for å se på TV." />
              </item>
              <item>
                <linkId value="15.4.2" />
                <text value="Hvor lang tid brukte du på å sitte på en vanlig hverdag i løpet av de siste 7 dagene?" />
                <item>
                  <linkId value="15.4.2.1" />
                  <text value="Vet ikke/usikker" />
                  <answer>
                    <valueBoolean value="false" />
                  </answer>
                </item>
                <item>
                  <linkId value="15.4.2.2" />
                  <text value="Antall timer pr. dag" />
                </item>
                <item>
                  <linkId value="15.4.2.3" />
                  <text value="Antall minutter pr. dag" />
                </item>
              </item>
            </item>
          </item>
          <item>
            <linkId value="16" />
            <text value="Kosthold" />
            <item>
              <linkId value="16.1" />
              <text value="Hvor ofte drikker du vanligvis sukkerholdig brus/leskedrikk?" />
            </item>
            <item>
              <linkId value="16.2" />
              <text value="Hvor ofte spiser du vanligvis frukt og bær (regn ikke med juice eller fruktsaft)?" />
            </item>
            <item>
              <linkId value="16.3" />
              <text value="Hvor ofte spiser du vanligvis grønnsaker (inkludert salat)?" />
            </item>
            <item>
              <linkId value="16.4" />
              <text value="Hvor ofte spiser du vanligvis fisk (som pålegg eller middag)?            " />
            </item>
          </item>
          <item>
            <linkId value="17" />
            <text value="Tobakk" />
            <item>
              <linkId value="17.1" />
              <text value="Røyker du?" />
            </item>
            <item>
              <linkId value="17.2" />
              <text value="Bruker du snus?" />
            </item>
          </item>
          <item>
            <linkId value="18" />
            <text value="Alkohol" />
            <item>
              <linkId value="18.1" />
              <text value="Så går vi over til spørsmål om alkohol. Vi tenker her på alle alkoholholdige drikker, som øl, vin, brennevin, rusbrus med videre." />
            </item>
            <item>
              <linkId value="18.2" />
              <text value="Har du noen gang drukket alkohol?" />
              <answer>
                <item>
                  <linkId value="18.2.1" />
                  <text value="I løpet av de siste 12 måneder, hvor ofte har du drukket alkohol?" />
                  <answer>
                    <item>
                      <linkId value="18.2.1.1" />
                      <text value="Én enhet alkohol tilsvarer én liten flaske øl, ett glass vin eller én drink: " />
                    </item>
                    <item>
                      <linkId value="18.2.1.2" />
                      <text value="Hvor mange alkoholenheter tar du på en &quot;typisk&quot; dag når du drikker alkohol?" />
                    </item>
                    <item>
                      <linkId value="18.2.1.3" />
                      <text value="Én enhet alkohol tilsvarer én liten flaske øl, ett glass vin eller én drink: " />
                    </item>
                    <item>
                      <linkId value="18.2.1.4" />
                      <text value="Hvor ofte drikker du seks alkoholenheter eller mer ved én og samme anledning?" />
                    </item>
                  </answer>
                </item>
              </answer>
            </item>
          </item>
          <item>
            <linkId value="19" />
            <text value="Skader" />
            <item>
              <linkId value="19.1" />
              <text value="Det følgende spørsmålet gjelder nye skader i perioden, ikke behandling av gamle skader. ‘Oppsøkt lege’ inkluderer både fastlege, legevakt og kontakt med spesialisthelsetjenesten." />
            </item>
            <item>
              <linkId value="19.2" />
              <text value="Har du i løpet av de siste 12 måneder vært utsatt for en eller flere skader som førte til at du oppsøkte lege eller tannlege?" />
              <answer>
                <item>
                  <linkId value="19.2.1" />
                  <text value="Var skaden et resultat av en… (Sett ett eller flere kryss)" />
                  <item>
                    <linkId value="19.2.1.1" />
                    <text value="Trafikkulykke" />
                    <answer>
                      <valueBoolean value="false" />
                    </answer>
                  </item>
                  <item>
                    <linkId value="19.2.1.2" />
                    <text value="Arbeidsulykke" />
                    <answer>
                      <valueBoolean value="false" />
                    </answer>
                  </item>
                  <item>
                    <linkId value="19.2.1.3" />
                    <text value="Ulykke på skole eller utdanning" />
                    <answer>
                      <valueBoolean value="false" />
                    </answer>
                  </item>
                  <item>
                    <linkId value="19.2.1.4" />
                    <text value="Hjemmeulykke" />
                    <answer>
                      <valueBoolean value="false" />
                    </answer>
                  </item>
                  <item>
                    <linkId value="19.2.1.5" />
                    <text value="Fritidsulykke (ikke organisert aktivitet)" />
                    <answer>
                      <valueBoolean value="false" />
                    </answer>
                  </item>
                  <item>
                    <linkId value="19.2.1.6" />
                    <text value="Ulykke i forbindelse med organisert sport- og idrett" />
                    <answer>
                      <valueBoolean value="false" />
                    </answer>
                  </item>
                  <item>
                    <linkId value="19.2.1.7" />
                    <text value="Voldshandling" />
                    <answer>
                      <valueBoolean value="false" />
                    </answer>
                  </item>
                  <item>
                    <linkId value="19.2.1.8" />
                    <text value="Annet" />
                    <answer>
                      <valueBoolean value="false" />
                    </answer>
                  </item>
                </item>
              </answer>
            </item>
          </item>
          <item>
            <linkId value="20" />
            <text value="Støy" />
            <item>
              <linkId value="20.1" />
              <text value="Hvis du tenker på de siste 12 månedene, hvor plaget er du av støy fra veitrafikk når du er hjemme? " />
            </item>
            <item>
              <linkId value="20.2" />
              <text value="Hvis du tenker på de siste 12 månedene, hvor plaget er du av støy fra andre kilder når du er hjemme? " />
            </item>
            <item>
              <linkId value="20.3" />
              <text value="Hvis du tenker på de siste 12 månedene, hvor plaget er du av støy på arbeid eller skole?" />
            </item>
          </item>
          <item>
            <linkId value="21" />
            <text value="Kroppshøyde og vekt" />
            <item>
              <linkId value="21.1" />
              <text value="Hvor høy er du uten sko (oppgi i cm)?" />
            </item>
            <item>
              <linkId value="21.2" />
              <text value="Hvor mye veier du uten klær og sko (oppgi i kg)? (Hvis gravid, vekt før graviditet)" />
            </item>
          </item>
          <item>
            <linkId value="22" />
            <text value="Samboerstatus" />
            <item>
              <linkId value="22.1" />
              <text value="Er du gift/samboer eller enslig?" />
            </item>
          </item>
          <item>
            <linkId value="23" />
            <text value="Antall personer i husholdningen" />
            <item>
              <linkId value="23.1" />
              <text value="Hvor mange personer bor du sammen med? (Regn bare med personer som du har felles husholdning med og regn ikke med deg selv)" />
              <answer>
                <item>
                  <linkId value="23.1.1" />
                  <text value="Hvor mange av disse har ennå ikke fylt 18 år? (Regn bare med personer som du har felles husholdning med)" />
                </item>
              </answer>
            </item>
          </item>
          <item>
            <linkId value="24" />
            <text value="Økonomi" />
            <item>
              <linkId value="24.1" />
              <text value="Har du (husholdningen) mulighet til å klare en uforutsett utgift på 10 000 kr i løpet av en måned, uten å måtte ta opp ekstra lån, bruk av kreditt, salg av eiendeler, eller motta hjelp fra andre?" />
            </item>
            <item>
              <linkId value="24.2" />
              <text value="Hvordan opplever du din økonomiske situasjon sammenlignet med andre i Norge?" />
            </item>
          </item>
          <item>
            <linkId value="25" />
            <text value="Reisevaner til og fra jobb/skole" />
            <item>
              <linkId value="25.1" />
              <text value="Hvor langt er det fra hjemsted til arbeidssted, skole eller studiested? (oppgi i km)" />
            </item>
            <item>
              <linkId value="25.2" />
              <text value="På hvilken måte reiser du vanligvis fra hjem til arbeid/skole? (Flere svar er mulig, hvis man normalt kombinerer flere typer reisemåter til og/eller fra jobb) " />
              <item>
                <linkId value="25.2.1" />
                <text value="Til fots" />
                <answer>
                  <valueBoolean value="false" />
                </answer>
              </item>
              <item>
                <linkId value="25.2.2" />
                <text value="Sykkel/elsykkel" />
                <answer>
                  <valueBoolean value="false" />
                </answer>
              </item>
              <item>
                <linkId value="25.2.3" />
                <text value="Privat motorkjøretøy (bil/motorsykkel)" />
                <answer>
                  <valueBoolean value="false" />
                </answer>
              </item>
              <item>
                <linkId value="25.2.4" />
                <text value="Kollektivtransport" />
                <answer>
                  <valueBoolean value="false" />
                </answer>
              </item>
            </item>
          </item>
          <item>
            <linkId value="26" />
            <text value="Bolig" />
            <item>
              <linkId value="26.1" />
              <text value="Hva slags bolig bor du i?" />
            </item>
            <item>
              <linkId value="26.2" />
              <text value="Hvor fornøyd, eller misfornøyd er du med boligen din?" />
            </item>
          </item>
          <item>
            <linkId value="27" />
            <text value="Bostrøk" />
            <item>
              <linkId value="27.1" />
              <text value="Bor du i...?" />
            </item>
          </item>
          <item>
            <linkId value="28" />
            <text value="Jobbsituasjon" />
            <item>
              <linkId value="28.1" />
              <text value="Hvor enig eller uenig er du i disse utsagnene:" />
            </item>
            <item>
              <linkId value="28.2" />
              <text value="Jeg har et godt fysisk arbeidsmiljø;" />
            </item>
            <item>
              <linkId value="28.3" />
              <text value="Jeg har vanligvis en god balanse mellom arbeidsliv og privatliv;" />
            </item>
            <item>
              <linkId value="28.4" />
              <text value="Arbeidet mitt er sjelden så belastende at det går ut over helsen min;" />
            </item>
            <item>
              <linkId value="28.5" />
              <text value="Jeg er alt i alt fornøyd med jobben min;" />
            </item>
          </item>
          <item>
            <linkId value="29" />
            <text value="Fornøydhet med livet" />
            <item>
              <linkId value="29.1" />
              <text value="Alt i alt, når du tenker på hvordan du har det for tida, er du stort sett fornøyd med tilværelsen eller er du stort sett misfornøyd?" />
            </item>
          </item>
          <item>
            <linkId value="30" />
            <text value="Har du noen kommentarer?" />
            <item>
              <linkId value="30.1" />
              <text value="Oppgi dine kommentarer her" />
              <answer>
                <valueString value="adsfsdaf" />
              </answer>
            </item>
          </item>
        </QuestionnaireResponse>
      </Content>
    </RefDoc>
  </Document>
</MsgHead>