<?xml version="1.0" encoding="UTF-8"?>
<MsgHead xmlns="http://www.kith.no/xmlstds/msghead/2006-05-24" xmlns:xsd="http://www.w3.org/2001/XMLSchema.xsd" xmlns:xsi="http://www.w3.org/2001/XMLSchema-instance" xsi:schemaLocation="http://www.kith.no/xmlstds/msghead/2006-05-24 ../../../sarepta/skjema/felleskomponenter/MsgHead-v1_2.xsd">
	<MsgInfo>
		<Type V="DIALOG_INNBYGGER_BEHANDLEROVERSIKT" DN="Dialog med innbygger – behandleroversikt"/>
		<MIGversion>v1.2 2006-05-24</MIGversion>
		<GenDate>2019-05-16T16:12:23.0Z</GenDate>
		<MsgId>f4f6a4bd-47cd-459a-af6e-b49ef8c4ee08</MsgId>
		<Ack V="J" DN="Ja"/>
		<ConversationRef>
			<RefToParent>4297ae33-92a8-4614-be15-0f61dd453bdf</RefToParent>
			<RefToConversation>4297ae33-92a8-4614-be15-0f61dd453bdf</RefToConversation>
		</ConversationRef>
		<Sender>
			<Organisation>
				<OrganisationName>Nanset legekontor</OrganisationName>
				<Ident>
					<Id>971318864</Id>
					<TypeId V="ENH" S="2.16.578.1.12.4.1.1.9051" DN="Organisasjonsnummeret i Enhetsregister"/>
				</Ident>
				<Ident>
					<Id>1234</Id>
					<TypeId V="HER" S="2.16.578.1.12.4.1.1.9051" DN="HER-id"/>
				</Ident>
				<HealthcareProfessional>
					<RoleToPatient V="6" DN="Fastlege" S="2.16.578.1.12.4.1.1.9034"/>
					<FamilyName>September</FamilyName>
					<GivenName>August</GivenName>
					<Ident>
						<Id>1234</Id>
						<TypeId V="HER" S="2.16.578.1.12.4.1.1.8116" DN="HER-id"/>
					</Ident>
				</HealthcareProfessional>
			</Organisation>
		</Sender>
		<Receiver>
			<Organisation>
				<OrganisationName>DIREKTORATET FOR E-HELSE</OrganisationName>
				<Ident>
					<Id>115851</Id>
					<TypeId V="HER" S="2.16.578.1.12.4.1.1.9051" DN="HER-id"/>
				</Ident>
				<Organisation>
					<OrganisationName>Digitale innbyggertjenester</OrganisationName>
					<Ident>
						<Id>8130047</Id>
						<TypeId V="HER" S="2.16.578.1.12.4.1.1.9051" DN="HER-id"/>
					</Ident>
				</Organisation>
			</Organisation>
		</Receiver>
		<Patient>
			<FamilyName>Danser</FamilyName>
			<GivenName>Folke</GivenName>
			<Ident>
				<Id>13116900216</Id>
				<TypeId V="FNR" S="2.16.578.1.12.4.1.1.8116" DN="Fødselsnummer"/>
			</Ident>
		</Patient>
	</MsgInfo>
	<Document>
		<ContentDescription>Liste over behandlere</ContentDescription>
		<RefDoc>
			<IssueDate V="2019-05-16T16:12:22.0Z"/>
			<MsgType V="XML" DN="XML-instans"/>
			<Content>
				<Dialogmelding xmlns="http://www.kith.no/xmlstds/dialog/2013-01-23" xsi:schemaLocation="http://www.kith.no/xmlstds/dialog/2013-01-23 ../../../sarepta/skjema/dialogmelding/2013-01-23/dialogmelding-v1.1.xsd">
					<Notat>
						<TemaKodet V="21" S="2.16.578.1.12.4.1.1.7602" DN="Behandlere"/>
					</Notat>
				</Dialogmelding>
			</Content>
		</RefDoc>
	</Document>
	<Document>
		<RefDoc>
			<IssueDate V="2019-05-16T16:12:22.0Z"/>
			<MsgType V="XML" DN="XML-instans"/>
			<Description>Helsepersonelliste</Description>
			<Content>
				<HelsepersonelListe xmlns="http://www.kith.no/xmlstds/helsepersonell/2015-05-04" xmlns:fk1="http://www.kith.no/xmlstds/felleskomponent1" xsi:schemaLocation="http://www.kith.no/xmlstds/helsepersonell/2015-05-04 ../../../sarepta/skjema/felleskomponenter/helsepersonell-2015-05-04.xsd">
					<Helsepersonell>
						<Helsepersonell>
							<fk1:RoleToPatient V="15" S="2.16.578.1.12.4.1.1.9034" DN="Vikar for fastlege"/>
							<fk1:FamilyName>Fastlegesen</fk1:FamilyName>
							<fk1:GivenName>Magnar</fk1:GivenName>
							<fk1:Ident>
								<fk1:Id>941102</fk1:Id>
								<fk1:TypeId V="HPR" S="2.16.578.1.12.4.1.1.8116" DN="HPR-nummer"/>
							</fk1:Ident>
						</Helsepersonell>
						<Merknad>Vikarierer for fastlege August September hver onsdag frem til 1. juli 2015.</Merknad>
					</Helsepersonell>
					<Helsepersonell>
						<Helsepersonell>
							<fk1:RoleToPatient V="16" S="2.16.578.1.12.4.1.1.9034" DN="Turnuslege"/>
							<fk1:FamilyName>Turnuslegesen</fk1:FamilyName>
							<fk1:GivenName>Rita</fk1:GivenName>
							<fk1:Ident>
								<fk1:Id>941101</fk1:Id>
								<fk1:TypeId V="HPR" S="2.16.578.1.12.4.1.1.8116" DN="HPR-nummer"/>
							</fk1:Ident>
						</Helsepersonell>
						<Merknad>Er turnuskandidat på legekontoret frem til 1. september 2015.</Merknad>
					</Helsepersonell>
					<Helsepersonell>
						<Helsepersonell>
							<fk1:TypeHealthcareProfessional V="SP" DN="Sykepleier"/>
							<fk1:RoleToPatient V="22" S="2.16.578.1.12.4.1.1.9034" DN="Kontakt i primærhelseteam"/>
							<fk1:FamilyName>Sykepleier</fk1:FamilyName>
							<fk1:GivenName>Arne</fk1:GivenName>
							<fk1:Ident>
								<fk1:Id>9134190</fk1:Id>
								<fk1:TypeId V="HPR" S="2.16.578.1.12.4.1.1.8116" DN="HPR-nummer"/>
							</fk1:Ident>
						</Helsepersonell>
						<Merknad>Jobber mandag og onsdag</Merknad>
					</Helsepersonell>
				</HelsepersonelListe>
			</Content>
		</RefDoc>
	</Document>
</MsgHead>
