<?xml version="1.0" encoding="UTF-8"?>
<Conversation Type="HelsefagligKontakt" Status="Ongoing" Id="51198" InitiatedBy="User" Counterparty="SpesialistSykehus" DraftWaiting="false" NumberOfAttachments="0" NumberOfMessages="4" NumberOfUnreadMessages="0" Feilet="false" LastIncomingMessageDate="2018-06-25T12:46:19.0233333+02:00" LastUpdatedDate="2018-06-25T12:46:19.0233333+02:00" ExternRef1="" ExternRef1Type="Unknown" ExternRef2="" ExternRef2Type="Unknown">
	<Messages>
		<Message Id="8cd167ff-f285-4f50-9776-4323719f8bc9" ParentId="" MessageSentStatus="ReceivedByJournal" SenderId="420" SentDate="2018-06-25T12:20:24.18+02:00" ReceivedDate="2018-06-25T12:20:47.2866667+02:00" MessageIsRead="true" RecipientId="" TypeForesp="HE" Temakodet="">
			<OriginalXml>
				<MsgHead xmlns="http://www.kith.no/xmlstds/msghead/2006-05-24" xmlns:p1="http://www.w3.org/2001/XMLSchema-instance" p1:schemaLocation="http://www.kith.no/xmlstds/msghead/2006-05-24 MsgHead-v1_2.xsd">
					<MsgInfo>
						<Type V="DIALOG_INNBYGGER_HELSEPERSONELL" DN="Dialog mellom innbygger og helsepersonell"/>
						<MIGversion>v1.2 2006-05-24</MIGversion>
						<GenDate>2018-06-25T12:20:24.1805088+02:00</GenDate>
						<MsgId>8cd167ff-f285-4f50-9776-4323719f8bc9</MsgId>
						<Ack V="J" DN="Ja"/>
						<Sender>
							<Organisation>
								<OrganisationName>Direktoratet for e-helse</OrganisationName>
								<Ident>
									<Id>115851</Id>
									<TypeId V="HER" DN="Identifikator fra Helsetjenesteenhetsregisteret (HER-id)" S="2.16.578.1.12.4.1.1.9051"/>
								</Ident>
								<Organisation>
									<OrganisationName>Helsenorge.no MAS-02</OrganisationName>
									<Ident>
										<Id>8093239</Id>
										<TypeId V="HER" DN="Identifikator fra Helsetjenesteenhetsregisteret (HER-id)" S="2.16.578.1.12.4.1.1.9051"/>
									</Ident>
								</Organisation>
							</Organisation>
						</Sender>
						<Receiver>
							<Organisation>
								<OrganisationName>Helse Bergen</OrganisationName>
								<Ident>
									<Id>43</Id>
									<TypeId V="HER" DN="Identifikator fra Helsetjenesteenhetsregisteret (HER-id)" S="2.16.578.1.12.4.1.1.9051"/>
								</Ident>
								<Organisation>
									<OrganisationName>Helse Bergen</OrganisationName>
									<Ident>
										<Id>8093561</Id>
										<TypeId V="HER" DN="Identifikator fra Helsetjenesteenhetsregisteret (HER-id)" S="2.16.578.1.12.4.1.1.9051"/>
									</Ident>
								</Organisation>
							</Organisation>
						</Receiver>
						<Patient>
							<FamilyName>Fosse</FamilyName>
							<GivenName>Bjørg</GivenName>
							<Ident>
								<Id>01038991295</Id>
								<TypeId V="FNR" S="2.16.578.1.12.4.1.1.8116" DN="Fødselsnummer"/>
							</Ident>
						</Patient>
					</MsgInfo>
					<Document>
						<ContentDescription>Melding til helsepersonell</ContentDescription>
						<RefDoc>
							<IssueDate V="2018-06-25T12:20:24.1648837+02:00"/>
							<MsgType V="XML" DN="XML-instans"/>
							<Content>
								<Dialogmelding xmlns="http://www.kith.no/xmlstds/dialog/2006-10-11" p1:schemaLocation="http://www.kith.no/xmlstds/dialog/2006-10-11 dialogmelding-v1.0.xsd">
									<Foresporsel>
										<TypeForesp V="HE" DN="Henvendelse" S="2.16.578.1.12.4.1.1.7601"/>
										<Sporsmal>Melding til helsekontakt Melding til helsekontakt</Sporsmal>
										<RollerRelatertNotat>
											<RoleToPatient V="21" DN="Pasientdialog helsenorge.no" S="2.16.578.1.12.4.1.1.9034"/>
											<HealthcareProfessional>
												<FamilyName>Karlsen</FamilyName>
												<MiddleName/>
												<GivenName>Anne Mette Hartveit</GivenName>
												<Ident>
													<Id xmlns="http://www.kith.no/xmlstds/felleskomponent1">KAANNE</Id>
													<TypeId xmlns="http://www.kith.no/xmlstds/felleskomponent1" V="XXX" DN="Annet" S="2.16.578.1.12.4.1.1.8116"/>
												</Ident>
											</HealthcareProfessional>
										</RollerRelatertNotat>
									</Foresporsel>
								</Dialogmelding>
							</Content>
						</RefDoc>
					</Document>
				</MsgHead>
			</OriginalXml>
		</Message>
		<Message Id="e80b20ce-11f2-4cdd-a47a-da7f9d16201c" ParentId="8cd167ff-f285-4f50-9776-4323719f8bc9" MessageSentStatus="ReceivedByArchive" SenderId="" SentDate="2018-06-25T12:36:56.53+02:00" ReceivedDate="2018-06-25T12:36:56.53+02:00" MessageIsRead="true" RecipientId="420" TypeForesp="HE" Temakodet="19">
			<OriginalXml>
				<MsgHead xmlns="http://www.kith.no/xmlstds/msghead/2006-05-24" xmlns:xsd="http://www.w3.org/2001/XMLSchema.xsd" xmlns:xsi="http://www.w3.org/2001/XMLSchema-instance" xmlns:hcp="urn:dips-healthcommunication-healthcareparty" xsi:schemaLocation="http://www.kith.no/xmlstds/msghead/2006-05-24 MsgHead-v1_2.xsd">
					<MsgInfo>
						<Type V="DIALOG_INNBYGGER_HELSEPERSONELL" DN="Dialog mellom innbygger og helsepersonell"/>
						<MIGversion>v1.2 2006-05-24</MIGversion>
						<GenDate>2018-06-25T12:36:49+02:00</GenDate>
						<MsgId>e80b20ce-11f2-4cdd-a47a-da7f9d16201c</MsgId>
						<ConversationRef>
							<RefToParent>8cd167ff-f285-4f50-9776-4323719f8bc9</RefToParent>
							<RefToConversation>8cd167ff-f285-4f50-9776-4323719f8bc9</RefToConversation>
						</ConversationRef>
						<Sender>
							<Organisation>
								<OrganisationName>HELSE BERGEN HF</OrganisationName>
								<Ident>
									<Id>43</Id>
									<TypeId V="HER" S="2.16.578.1.12.4.1.1.9051" DN="HER-id"/>
								</Ident>
								<Ident>
									<Id>983974724</Id>
									<TypeId DN="Organisasjonsnummeret i Enhetsregister" V="ENH" S="2.16.578.1.12.4.1.1.9051"/>
								</Ident>
								<Organisation>
									<OrganisationName>Hudavdelingen</OrganisationName>
									<Ident>
										<Id>8093561</Id>
										<TypeId V="HER" S="2.16.578.1.12.4.1.1.9051" DN="HER-id"/>
									</Ident>
								</Organisation>
							</Organisation>
						</Sender>
						<Receiver>
							<Organisation>
								<OrganisationName>Helsedirektoratet</OrganisationName>
								<Ident>
									<Id>2397</Id>
									<TypeId V="HER" S="2.16.578.1.12.4.1.1.9051" DN="HER-id"/>
								</Ident>
								<Organisation>
									<OrganisationName>Helsenorge.no_130</OrganisationName>
									<Ident>
										<Id>8093239</Id>
										<TypeId V="HER" S="2.16.578.1.12.4.1.1.9051" DN="HER-id"/>
									</Ident>
								</Organisation>
							</Organisation>
						</Receiver>
						<Patient>
							<FamilyName>Fosse</FamilyName>
							<GivenName>Bjørg</GivenName>
							<Ident>
								<Id>01038991295</Id>
								<TypeId V="FNR" S="2.16.578.1.12.4.1.1.8116" DN="Fødselsnummer"/>
							</Ident>
							<Address>
								<Type V="H" DN="Bostedsadresse"/>
								<StreetAdr>Snarveien 14</StreetAdr>
								<PostalCode>5225</PostalCode>
								<City>NESTTUN</City>
							</Address>
						</Patient>
					</MsgInfo>
					<Document>
						<RefDoc>
							<IssueDate V="2018-06-25T12:36:49+02:00"/>
							<MsgType V="XML" DN="XML-instans"/>
							<Content>
								<Dialogmelding xmlns="http://www.kith.no/xmlstds/dialog/2006-10-11" xsi:schemaLocation="http://www.kith.no/xmlstds/dialog/2006-10-11 dialogmelding.xsd">
									<Notat>
										<TemaKodet V="19" DN="Svar på henvendelse" S="2.16.578.1.12.4.1.1.7602"/>
										<TekstNotatInnhold>Svar til helsekontakt</TekstNotatInnhold>
										<DokIdNotat>7cfc3143-8087-4984-b00b-4f0419c94b07</DokIdNotat>
										<DatoNotat>2018-06-25</DatoNotat>
										<Foresporsel>
											<TypeForesp V="HE" DN="Henvendelse" S="2.16.578.1.12.4.1.1.7601"/>
											<Sporsmal>Melding til helsekontakt Melding til helsekontakt</Sporsmal>
											<DokIdForesp>5f994f66-1147-4310-b0e2-fca301bcade3</DokIdForesp>
											<RollerRelatertNotat xmlns:p1="http://www.w3.org/2001/XMLSchema-instance">
												<RoleToPatient V="21" DN="Pasientdialog helsenorge.no" S="2.16.578.1.12.4.1.1.9034"/>
												<HealthcareProfessional>
													<FamilyName>Karlsen</FamilyName>
													<MiddleName/>
													<GivenName>Anne Mette Hartveit</GivenName>
													<Ident>
														<Id xmlns="http://www.kith.no/xmlstds/felleskomponent1">KAANNE</Id>
														<TypeId xmlns="http://www.kith.no/xmlstds/felleskomponent1" V="XXX" DN="Annet" S="2.16.578.1.12.4.1.1.8116"/>
													</Ident>
												</HealthcareProfessional>
											</RollerRelatertNotat>
										</Foresporsel>
										<RollerRelatertNotat>
											<RolleNotat V="1" S="2.16.578.1.12.4.1.1.9057" DN="Forfatter"/>
											<HealthcareProfessional>
												<FamilyName>Karlsen</FamilyName>
												<GivenName>Anne Mette Hartveit</GivenName>
												<Ident>
													<Id xmlns="http://www.kith.no/xmlstds/felleskomponent1">hackid+0000019429200</Id>
													<TypeId xmlns="http://www.kith.no/xmlstds/felleskomponent1" V="LOP" DN="Lokal identifikator for helsepersonell" OT="DIPS helsetjenesterolleid" S="2.16.578.1.12.4.1.1.8268"/>
												</Ident>
											</HealthcareProfessional>
										</RollerRelatertNotat>
									</Notat>
								</Dialogmelding>
							</Content>
						</RefDoc>
					</Document>
				</MsgHead>
			</OriginalXml>
		</Message>
		<Message Id="255b9cd6-2d9f-4913-a745-6e166907d995" ParentId="8cd167ff-f285-4f50-9776-4323719f8bc9" MessageSentStatus="ReceivedByJournal" SenderId="420" SentDate="2018-06-25T12:42:49.6933333+02:00" ReceivedDate="2018-06-25T12:43:12.2766667+02:00" MessageIsRead="true" RecipientId="" TypeForesp="HE" Temakodet="">
			<OriginalXml>
				<MsgHead xmlns="http://www.kith.no/xmlstds/msghead/2006-05-24" xmlns:p1="http://www.w3.org/2001/XMLSchema-instance" p1:schemaLocation="http://www.kith.no/xmlstds/msghead/2006-05-24 MsgHead-v1_2.xsd">
					<MsgInfo>
						<Type V="DIALOG_INNBYGGER_HELSEPERSONELL" DN="Dialog mellom innbygger og helsepersonell"/>
						<MIGversion>v1.2 2006-05-24</MIGversion>
						<GenDate>2018-06-25T12:42:49.6928215+02:00</GenDate>
						<MsgId>255b9cd6-2d9f-4913-a745-6e166907d995</MsgId>
						<Ack V="J" DN="Ja"/>
						<ConversationRef>
							<RefToParent>8cd167ff-f285-4f50-9776-4323719f8bc9</RefToParent>
							<RefToConversation>8cd167ff-f285-4f50-9776-4323719f8bc9</RefToConversation>
						</ConversationRef>
						<Sender>
							<Organisation>
								<OrganisationName>Direktoratet for e-helse</OrganisationName>
								<Ident>
									<Id>115851</Id>
									<TypeId V="HER" DN="Identifikator fra Helsetjenesteenhetsregisteret (HER-id)" S="2.16.578.1.12.4.1.1.9051"/>
								</Ident>
								<Organisation>
									<OrganisationName>Helsenorge.no MAS-02</OrganisationName>
									<Ident>
										<Id>8093239</Id>
										<TypeId V="HER" DN="Identifikator fra Helsetjenesteenhetsregisteret (HER-id)" S="2.16.578.1.12.4.1.1.9051"/>
									</Ident>
								</Organisation>
							</Organisation>
						</Sender>
						<Receiver>
							<Organisation>
								<OrganisationName>Helse Bergen</OrganisationName>
								<Ident>
									<Id>43</Id>
									<TypeId V="HER" DN="Identifikator fra Helsetjenesteenhetsregisteret (HER-id)" S="2.16.578.1.12.4.1.1.9051"/>
								</Ident>
								<Organisation>
									<OrganisationName>Helse Bergen</OrganisationName>
									<Ident>
										<Id>8093561</Id>
										<TypeId V="HER" DN="Identifikator fra Helsetjenesteenhetsregisteret (HER-id)" S="2.16.578.1.12.4.1.1.9051"/>
									</Ident>
								</Organisation>
							</Organisation>
						</Receiver>
						<Patient>
							<FamilyName>Fosse</FamilyName>
							<GivenName>Bjørg</GivenName>
							<Ident>
								<Id>01038991295</Id>
								<TypeId V="FNR" S="2.16.578.1.12.4.1.1.8116" DN="Fødselsnummer"/>
							</Ident>
						</Patient>
					</MsgInfo>
					<Document>
						<ContentDescription>Melding til helsepersonell</ContentDescription>
						<RefDoc>
							<IssueDate V="2018-06-25T12:42:49.6771687+02:00"/>
							<MsgType V="XML" DN="XML-instans"/>
							<Content>
								<Dialogmelding xmlns="http://www.kith.no/xmlstds/dialog/2006-10-11" p1:schemaLocation="http://www.kith.no/xmlstds/dialog/2006-10-11 dialogmelding-v1.0.xsd">
									<Foresporsel>
										<TypeForesp V="HE" DN="Henvendelse" S="2.16.578.1.12.4.1.1.7601"/>
										<Sporsmal>
Melding til helsekontakt Svarer på meldingstråd til helsefaglig kontakt
</Sporsmal>
										<RollerRelatertNotat>
											<RoleToPatient V="21" DN="Pasientdialog helsenorge.no" S="2.16.578.1.12.4.1.1.9034"/>
											<HealthcareProfessional>
												<FamilyName>Karlsen</FamilyName>
												<MiddleName/>
												<GivenName>Anne Mette Hartveit</GivenName>
												<Ident>
													<Id xmlns="http://www.kith.no/xmlstds/felleskomponent1">KAANNE</Id>
													<TypeId xmlns="http://www.kith.no/xmlstds/felleskomponent1" V="XXX" DN="Annet" S="2.16.578.1.12.4.1.1.8116"/>
												</Ident>
											</HealthcareProfessional>
										</RollerRelatertNotat>
									</Foresporsel>
								</Dialogmelding>
							</Content>
						</RefDoc>
					</Document>
				</MsgHead>
			</OriginalXml>
		</Message>
		<Message Id="812252dc-21f2-4a19-a6f8-bb391af0e6d9" ParentId="255b9cd6-2d9f-4913-a745-6e166907d995" MessageSentStatus="ReceivedByArchive" SenderId="" SentDate="2018-06-25T12:46:18.9866667+02:00" ReceivedDate="2018-06-25T12:46:18.9866667+02:00" MessageIsRead="true" RecipientId="420" TypeForesp="HE" Temakodet="19">
			<OriginalXml>
				<MsgHead xmlns="http://www.kith.no/xmlstds/msghead/2006-05-24" xmlns:xsd="http://www.w3.org/2001/XMLSchema.xsd" xmlns:xsi="http://www.w3.org/2001/XMLSchema-instance" xmlns:hcp="urn:dips-healthcommunication-healthcareparty" xsi:schemaLocation="http://www.kith.no/xmlstds/msghead/2006-05-24 MsgHead-v1_2.xsd">
					<MsgInfo>
						<Type V="DIALOG_INNBYGGER_HELSEPERSONELL" DN="Dialog mellom innbygger og helsepersonell"/>
						<MIGversion>v1.2 2006-05-24</MIGversion>
						<GenDate>2018-06-25T12:46:15+02:00</GenDate>
						<MsgId>812252dc-21f2-4a19-a6f8-bb391af0e6d9</MsgId>
						<ConversationRef>
							<RefToParent>255b9cd6-2d9f-4913-a745-6e166907d995</RefToParent>
							<RefToConversation>8cd167ff-f285-4f50-9776-4323719f8bc9</RefToConversation>
						</ConversationRef>
						<Sender>
							<Organisation>
								<OrganisationName>HELSE BERGEN HF</OrganisationName>
								<Ident>
									<Id>43</Id>
									<TypeId V="HER" S="2.16.578.1.12.4.1.1.9051" DN="HER-id"/>
								</Ident>
								<Ident>
									<Id>983974724</Id>
									<TypeId DN="Organisasjonsnummeret i Enhetsregister" V="ENH" S="2.16.578.1.12.4.1.1.9051"/>
								</Ident>
								<Organisation>
									<OrganisationName>Hudavdelingen</OrganisationName>
									<Ident>
										<Id>8093561</Id>
										<TypeId V="HER" S="2.16.578.1.12.4.1.1.9051" DN="HER-id"/>
									</Ident>
								</Organisation>
							</Organisation>
						</Sender>
						<Receiver>
							<Organisation>
								<OrganisationName>Helsedirektoratet</OrganisationName>
								<Ident>
									<Id>2397</Id>
									<TypeId V="HER" S="2.16.578.1.12.4.1.1.9051" DN="HER-id"/>
								</Ident>
								<Organisation>
									<OrganisationName>Helsenorge.no_130</OrganisationName>
									<Ident>
										<Id>8093239</Id>
										<TypeId V="HER" S="2.16.578.1.12.4.1.1.9051" DN="HER-id"/>
									</Ident>
								</Organisation>
							</Organisation>
						</Receiver>
						<Patient>
							<FamilyName>Fosse</FamilyName>
							<GivenName>Bjørg</GivenName>
							<Ident>
								<Id>01038991295</Id>
								<TypeId V="FNR" S="2.16.578.1.12.4.1.1.8116" DN="Fødselsnummer"/>
							</Ident>
							<Address>
								<Type V="H" DN="Bostedsadresse"/>
								<StreetAdr>Snarveien 14</StreetAdr>
								<PostalCode>5225</PostalCode>
								<City>NESTTUN</City>
							</Address>
						</Patient>
					</MsgInfo>
					<Document>
						<RefDoc>
							<IssueDate V="2018-06-25T12:46:15+02:00"/>
							<MsgType V="XML" DN="XML-instans"/>
							<Content>
								<Dialogmelding xmlns="http://www.kith.no/xmlstds/dialog/2006-10-11" xsi:schemaLocation="http://www.kith.no/xmlstds/dialog/2006-10-11 dialogmelding.xsd">
									<Notat>
										<TemaKodet V="19" DN="Svar på henvendelse" S="2.16.578.1.12.4.1.1.7602"/>
										<TekstNotatInnhold>svarer fra Dips på meldingstråd</TekstNotatInnhold>
										<DokIdNotat>36d357d8-3403-46ad-a243-8e5f94332492</DokIdNotat>
										<DatoNotat>2018-06-25</DatoNotat>
										<Foresporsel>
											<TypeForesp V="HE" DN="Henvendelse" S="2.16.578.1.12.4.1.1.7601"/>
											<Sporsmal>
Melding til helsekontakt Svarer på meldingstråd til helsefaglig kontakt
</Sporsmal>
											<DokIdForesp>1c96db8f-0001-4f13-86c5-f5c09df0b58d</DokIdForesp>
											<RollerRelatertNotat xmlns:p1="http://www.w3.org/2001/XMLSchema-instance">
												<RoleToPatient V="21" DN="Pasientdialog helsenorge.no" S="2.16.578.1.12.4.1.1.9034"/>
												<HealthcareProfessional>
													<FamilyName>Karlsen</FamilyName>
													<MiddleName/>
													<GivenName>Anne Mette Hartveit</GivenName>
													<Ident>
														<Id xmlns="http://www.kith.no/xmlstds/felleskomponent1">KAANNE</Id>
														<TypeId xmlns="http://www.kith.no/xmlstds/felleskomponent1" V="XXX" DN="Annet" S="2.16.578.1.12.4.1.1.8116"/>
													</Ident>
												</HealthcareProfessional>
											</RollerRelatertNotat>
										</Foresporsel>
										<RollerRelatertNotat>
											<RolleNotat V="1" S="2.16.578.1.12.4.1.1.9057" DN="Forfatter"/>
											<HealthcareProfessional>
												<FamilyName>Karlsen</FamilyName>
												<GivenName>Anne Mette Hartveit</GivenName>
												<Ident>
													<Id xmlns="http://www.kith.no/xmlstds/felleskomponent1">hackid+0000019429200</Id>
													<TypeId xmlns="http://www.kith.no/xmlstds/felleskomponent1" V="LOP" DN="Lokal identifikator for helsepersonell" OT="DIPS helsetjenesterolleid" S="2.16.578.1.12.4.1.1.8268"/>
												</Ident>
											</HealthcareProfessional>
										</RollerRelatertNotat>
									</Notat>
								</Dialogmelding>
							</Content>
						</RefDoc>
					</Document>
				</MsgHead>
			</OriginalXml>
		</Message>
	</Messages>
</Conversation>
