<?xml version="1.0" encoding="UTF-8"?>
<MsgHead xmlns="http://www.kith.no/xmlstds/msghead/2006-05-24" xmlns:xsi="http://www.w3.org/2001/XMLSchema-instance" xsi:schemaLocation="http://www.kith.no/xmlstds/msghead/2006-05-24 ../../../sarepta/skjema/felleskomponenter/MsgHead-v1_2.xsd">
	<MsgInfo>
		<Type V="DIALOG_INNBYGGER_HELSEPERSONELL" DN="Dialog mellom innbygger og helsepersonell"/>
		<MIGversion>v1.2 2006-05-24</MIGversion>
		<GenDate>2019-02-25T16:34:39.0008753+01:00</GenDate>
		<MsgId>8cd167ff-f285-4f50-9776-4323719f8bc9</MsgId>
		<Ack V="J" DN="Ja"/>
		<Sender>
			<Organisation>
				<OrganisationName>Direktoratet for e-helse</OrganisationName>
				<Ident>
					<Id>115851</Id>
					<TypeId V="HER" S="2.16.578.1.12.4.1.1.9051" DN="HER-id"/>
				</Ident>
				<Organisation>
					<OrganisationName>Helsenorge.no MAS-02</OrganisationName>
					<Ident>
						<Id>8093239</Id>
						<TypeId V="HER" S="2.16.578.1.12.4.1.1.9051" DN="HER-id"/>
					</Ident>
				</Organisation>
			</Organisation>
		</Sender>
		<Receiver>
			<Organisation>
				<OrganisationName>Helse Bergen</OrganisationName>
				<Ident>
					<Id>43</Id>
					<TypeId V="HER" S="2.16.578.1.12.4.1.1.9051" DN="HER-id"/>
				</Ident>
				<Organisation>
					<OrganisationName>Helse Bergen</OrganisationName>
					<Ident>
						<Id>8093561</Id>
						<TypeId V="HER" S="2.16.578.1.12.4.1.1.9051" DN="HER-id"/>
					</Ident>
				</Organisation>
			</Organisation>
		</Receiver>
		<Patient>
			<FamilyName>Danser</FamilyName>
			<GivenName>Line</GivenName>
			<Ident>
				<Id>13116900216</Id>
				<TypeId V="FNR" S="2.16.578.1.12.4.1.1.8116" DN="Fødselsnummer"/>
			</Ident>
		</Patient>
	</MsgInfo>
	<Document>
		<ContentDescription>Melding til helsepersonell</ContentDescription>
		<RefDoc>
			<IssueDate V="2019-02-25T16:34:38.9852476+01:00"/>
			<MsgType V="XML" DN="XML-instans"/>
			<Content>
				<Dialogmelding xmlns="http://www.kith.no/xmlstds/dialog/2006-10-11" xmlns:fk1="http://www.kith.no/xmlstds/felleskomponent1" xsi:schemaLocation="http://www.kith.no/xmlstds/dialog/2006-10-11 ../../../sarepta/skjema/dialogmelding/2006-10-11/dialogmelding.xsd">
					<Foresporsel>
						<TypeForesp V="HE" S="2.16.578.1.12.4.1.1.7601" DN="Henvendelse"/>
						<Sporsmal>Behøver jeg møte opp til neste time?</Sporsmal>
						<RollerRelatertNotat>
							<RoleToPatient V="21" S="2.16.578.1.12.4.1.1.9034" DN="Pasientdialog helsenorge.no"/>
							<HealthcareProfessional>
								<FamilyName>Legesen</FamilyName>
								<MiddleName/>
								<GivenName>Anne Berg</GivenName>
								<Ident>
									<fk1:Id>KAANNE</fk1:Id>
									<fk1:TypeId V="XXX" S="2.16.578.1.12.4.1.1.8116" DN="Annet"/>
								</Ident>
							</HealthcareProfessional>
						</RollerRelatertNotat>
					</Foresporsel>
				</Dialogmelding>
			</Content>
		</RefDoc>
	</Document>
</MsgHead>