<?xml version="1.0" encoding="UTF-8"?>
<MsgHead xmlns="http://www.kith.no/xmlstds/msghead/2006-05-24" xmlns:xsi="http://www.w3.org/2001/XMLSchema-instance" xsi:schemaLocation="http://www.kith.no/xmlstds/msghead/2006-05-24 ../../../sarepta/skjema/felleskomponenter/MsgHead-v1_2.xsd">
	<MsgInfo>
		<Type V="DIALOG_INNBYGGER_HELSEPERSONELL" DN="Dialog mellom innbygger og helsepersonell"/>
		<MIGversion>v1.2 2006-05-24</MIGversion>
		<GenDate>2019-02-25T16:34:39.0008753+01:00</GenDate>
		<MsgId>6a57be85-caeb-4a0f-be66-200cdafc9ec3</MsgId>
		<Ack V="J" DN="Ja"/>
		<ConversationRef>
			<RefToParent>8cd167ff-f285-4f50-9776-4323719f8bc9</RefToParent>
			<RefToConversation>8cd167ff-f285-4f50-9776-4323719f8bc9</RefToConversation>
		</ConversationRef>
		<Sender>
			<Organisation>
				<OrganisationName>Helse Bergen</OrganisationName>
				<Ident>
					<Id>43</Id>
					<TypeId V="HER" S="2.16.578.1.12.4.1.1.9051" DN="HER-id"/>
				</Ident>
				<Organisation>
					<OrganisationName>Helse Bergen</OrganisationName>
					<Ident>
						<Id>8093561</Id>
						<TypeId V="HER" S="2.16.578.1.12.4.1.1.9051" DN="HER-id"/>
					</Ident>
				</Organisation>
			</Organisation>
		</Sender>
		<Receiver>
			<Organisation>
				<OrganisationName>Direktoratet for e-helse</OrganisationName>
				<Ident>
					<Id>115851</Id>
					<TypeId V="HER" S="2.16.578.1.12.4.1.1.9051" DN="HER-id"/>
				</Ident>
				<Organisation>
					<OrganisationName>Helsenorge.no MAS-02</OrganisationName>
					<Ident>
						<Id>8093239</Id>
						<TypeId V="HER" S="2.16.578.1.12.4.1.1.9051" DN="HER-id"/>
					</Ident>
				</Organisation>
			</Organisation>
		</Receiver>
		<Patient>
			<FamilyName>Danser</FamilyName>
			<GivenName>Line</GivenName>
			<Ident>
				<Id>13116900216</Id>
				<TypeId V="FNR" S="2.16.578.1.12.4.1.1.8116" DN="Fødselsnummer"/>
			</Ident>
		</Patient>
	</MsgInfo>
	<Document>
		<RefDoc>
			<IssueDate V="2019-02-25T12:36:49+02:00"/>
			<MsgType V="XML" DN="XML-instans"/>
			<Content>
				<Dialogmelding xmlns="http://www.kith.no/xmlstds/dialog/2006-10-11" xmlns:fk1="http://www.kith.no/xmlstds/felleskomponent1" xsi:schemaLocation="http://www.kith.no/xmlstds/dialog/2006-10-11 ../../../sarepta/skjema/dialogmelding/2006-10-11/dialogmelding.xsd">
					<Notat>
						<TemaKodet V="13" S="2.16.578.1.12.4.1.1.7602" DN="Dialog avsluttet"/>
						<TekstNotatInnhold>Hei, ja det er viktig at du møter opp til din neste time.</TekstNotatInnhold>
						<DokIdNotat>7cfc3143-8087-4984-b00b-4f0419c94b07</DokIdNotat>
						<DatoNotat>2019-02-25</DatoNotat>
						<RollerRelatertNotat>
							<RolleNotat V="1" S="2.16.578.1.12.4.1.1.9057" DN="Forfatter"/>
							<HealthcareProfessional>
								<FamilyName>Legesen</FamilyName>
								<GivenName>Anne Berg</GivenName>
								<Ident>
									<fk1:Id>hackid+0000019429200</fk1:Id>
									<fk1:TypeId V="LOP" S="2.16.578.1.12.4.1.1.8268" DN="Lokal identifikator for helsepersonell" OT="DIPS helsetjenesterolleid"/>
								</Ident>
							</HealthcareProfessional>
						</RollerRelatertNotat>
					</Notat>
				</Dialogmelding>
			</Content>
		</RefDoc>
	</Document>
</MsgHead>
