<?xml version="1.0" encoding="UTF-8"?>
<MsgHead xmlns="http://www.kith.no/xmlstds/msghead/2006-05-24" xmlns:xsd="http://www.w3.org/2001/XMLSchema.xsd" xmlns:xsi="http://www.w3.org/2001/XMLSchema-instance" xsi:schemaLocation="http://www.kith.no/xmlstds/msghead/2006-05-24 ../../../sarepta/skjema/felleskomponenter/MsgHead-v1_2.xsd">
	<MsgInfo>
		<Type V="DIALOG_INNBYGGER_EKONTAKT" DN="Dialog med innbygger - eKontakt"/>
		<MIGversion>v1.2 2006-05-24</MIGversion>
		<GenDate>2019-04-01T13:01:11.0Z</GenDate>
		<MsgId>e53d4f2c-8459-42d3-ab31-13974e3521af</MsgId>
		<Ack V="J" DN="Ja"/>
		<Sender>
			<Organisation>
				<OrganisationName>Nanset legekontor</OrganisationName>
				<Ident>
					<Id>971318864</Id>
					<TypeId V="ENH" S="2.16.578.1.12.4.1.1.9051" DN="Organisasjonsnummeret i Enhetsregister"/>
				</Ident>
				<Ident>
					<Id>1234</Id>
					<TypeId V="HER" S="2.16.578.1.12.4.1.1.9051" DN="HER-id"/>
				</Ident>
				<HealthcareProfessional>
					<RoleToPatient V="6" DN="Fastlege" S="2.16.578.1.12.4.1.1.9034"/>
					<FamilyName>September</FamilyName>
					<GivenName>August</GivenName>
					<Ident>
						<Id>2174976</Id>
						<TypeId V="HPR" DN="HPR-nummer" S="2.16.578.1.12.4.1.1.8116"/>
					</Ident>
					<Ident>
						<Id>1234</Id>
						<TypeId V="HER" S="2.16.578.1.12.4.1.1.8116" DN="HER-id"/>
					</Ident>
				</HealthcareProfessional>
			</Organisation>
		</Sender>
		<Receiver>
			<Organisation>
				<OrganisationName>DIREKTORATET FOR E-HELSE</OrganisationName>
				<Ident>
					<Id>115851</Id>
					<TypeId V="HER" S="2.16.578.1.12.4.1.1.9051" DN="HER-id"/>
				</Ident>
				<Organisation>
					<OrganisationName>Digitale innbyggertjenester</OrganisationName>
					<Ident>
						<Id>8130047</Id>
						<TypeId V="HER" S="2.16.578.1.12.4.1.1.9051" DN="HER-id"/>
					</Ident>
				</Organisation>
			</Organisation>
		</Receiver>
		<Patient>
			<FamilyName>Danser</FamilyName>
			<GivenName>Line</GivenName>
			<Ident>
				<Id>13116900216</Id>
				<TypeId V="FNR" S="2.16.578.1.12.4.1.1.8116" DN="Fødselsnummer"/>
			</Ident>
		</Patient>
	</MsgInfo>
	<Document>
		<ContentDescription>Dialog med innbygger</ContentDescription>
		<RefDoc>
			<IssueDate V="2019-04-01T13:01:11.0Z"/>
			<MsgType V="XML" DN="XML-instans"/>
			<Content>
				<Dialogmelding xmlns="http://www.kith.no/xmlstds/dialog/2013-01-23" xsi:schemaLocation="http://www.kith.no/xmlstds/dialog/2013-01-23 ../../../sarepta/skjema/dialogmelding/2013-01-23/dialogmelding-v1.1.xsd">
					<Foresporsel>
						<TypeForesp V="DI" S="2.16.578.1.12.4.1.1.7601" DN="Dialog med innbygger"/>
						<EmneSporsmal>Spørsmål om allergi</EmneSporsmal>
						<Sporsmal>Hei, har symptomene ifm. pollenallergien bedret seg etter behandling?</Sporsmal>
					</Foresporsel>
				</Dialogmelding>
			</Content>
		</RefDoc>
	</Document>
</MsgHead>
