<?xml version="1.0" encoding="UTF-8"?>
<MsgHead xmlns="http://www.kith.no/xmlstds/msghead/2006-05-24" xmlns:xsd="http://www.w3.org/2001/XMLSchema.xsd" xmlns:xsi="http://www.w3.org/2001/XMLSchema-instance" xsi:schemaLocation="http://www.kith.no/xmlstds/msghead/2006-05-24 ../../../sarepta/skjema/felleskomponenter/MsgHead-v1_2.xsd">
	<MsgInfo>
		<Type V="DIALOG_INNBYGGER_JOURNAL" DN="Dialog med innbygger – journal"/>
		<MIGversion>v1.2 2006-05-24</MIGversion>
		<GenDate>2019-05-16T16:12:20.0Z</GenDate>
		<MsgId>6fe6a148-df7f-4091-a974-d578a3313cd7</MsgId>
		<Ack V="J" DN="Ja"/>
		<ConversationRef>
			<RefToParent>e4366494-452b-44f6-90d1-30241e84ad56</RefToParent>
			<RefToConversation>e4366494-452b-44f6-90d1-30241e84ad56</RefToConversation>
		</ConversationRef>
		<Sender>
			<Organisation>
				<OrganisationName>Nanset legekontor</OrganisationName>
				<Ident>
					<Id>971318864</Id>
					<TypeId V="ENH" S="2.16.578.1.12.4.1.1.9051" DN="Organisasjonsnummeret i Enhetsregister"/>
				</Ident>
				<Ident>
					<Id>1234</Id>
					<TypeId V="HER" S="2.16.578.1.12.4.1.1.9051" DN="HER-id"/>
				</Ident>
				<HealthcareProfessional>
					<RoleToPatient V="6" DN="Fastlege" S="2.16.578.1.12.4.1.1.9034"/>
					<FamilyName>September</FamilyName>
					<GivenName>August</GivenName>
					<Ident>
						<Id>1234</Id>
						<TypeId V="HER" S="2.16.578.1.12.4.1.1.8116" DN="HER-id"/>
					</Ident>
				</HealthcareProfessional>
			</Organisation>
		</Sender>
		<Receiver>
			<Organisation>
				<OrganisationName>DIREKTORATET FOR E-HELSE</OrganisationName>
				<Ident>
					<Id>115851</Id>
					<TypeId V="HER" S="2.16.578.1.12.4.1.1.9051" DN="HER-id"/>
				</Ident>
				<Organisation>
					<OrganisationName>Digitale innbyggertjenester</OrganisationName>
					<Ident>
						<Id>8130047</Id>
						<TypeId V="HER" S="2.16.578.1.12.4.1.1.9051" DN="HER-id"/>
					</Ident>
				</Organisation>
			</Organisation>
		</Receiver>
		<Patient>
			<FamilyName>Danser</FamilyName>
			<GivenName>Folke</GivenName>
			<Ident>
				<Id>13116900216</Id>
				<TypeId V="FNR" S="2.16.578.1.12.4.1.1.8116" DN="Fødselsnummer"/>
			</Ident>
		</Patient>
	</MsgInfo>
	<Document>
		<ContentDescription>Journalinnsyn svar</ContentDescription>
		<RefDoc>
			<IssueDate V="2019-05-16T16:12:15.0Z"/>
			<MsgType V="XML" DN="XML-instans"/>
			<Content>
				<Dialogmelding xmlns="http://www.kith.no/xmlstds/dialog/2013-01-23" xmlns:fk1="http://www.kith.no/xmlstds/felleskomponent1" xsi:schemaLocation="http://www.kith.no/xmlstds/dialog/2013-01-23 ../../../sarepta/skjema/dialogmelding/2013-01-23/dialogmelding-v1.1.xsd">
					<Notat>
						<TemaKodet V="26" S="2.16.578.1.12.4.1.1.7602" DN="Forespørsel avvist"/>
						<TekstNotatInnhold>Dette er dessverre ikke mulig</TekstNotatInnhold>
						<RollerRelatertNotat>
							<RoleToPatient V="16" S="2.16.578.1.12.4.1.1.9034" DN="Turnuslege"/>
							<HealthcareProfessional>
								<FamilyName>Lin</FamilyName>
								<GivenName>Legesen</GivenName>
								<Ident>
									<fk1:Id>9141103</fk1:Id>
									<fk1:TypeId V="HPR" S="2.16.578.1.12.4.1.1.8116" DN="HPR-nummer"/>
								</Ident>
							</HealthcareProfessional>
						</RollerRelatertNotat>
					</Notat>
				</Dialogmelding>
			</Content>
		</RefDoc>
	</Document>
</MsgHead>
