<?xml version="1.0" encoding="UTF-8"?>
<MsgHead xmlns="http://www.kith.no/xmlstds/msghead/2006-05-24"  xmlns:xsd="http://www.w3.org/2001/XMLSchema.xsd" xmlns:xsi="http://www.w3.org/2001/XMLSchema-instance" xsi:schemaLocation="http://www.kith.no/xmlstds/msghead/2006-05-24 ../../../sarepta/skjema/felleskomponenter/MsgHead-v1_2.xsd">
	<MsgInfo>
		<Type V="DIALOG_INNBYGGER_KOORDINATOR" DN="Dialog mellom innbygger og koordinator"/>
		<MIGversion>v1.2 2006-05-24</MIGversion>
		<GenDate>2019-02-19T14:30:47.0Z</GenDate>
		<MsgId>170B8B4E-D417-4CDB-8E97-EAE287740DD6</MsgId>
		<Ack V="J" DN="Ja"/>
		<ConversationRef>
			<RefToParent>DC477DDF-E24D-47C3-A7ED-37081BD9D8C0</RefToParent>
			<RefToConversation>DC477DDF-E24D-47C3-A7ED-37081BD9D8C0</RefToConversation>
		</ConversationRef>
		<Sender>
			<Organisation>
				<OrganisationName>HELSE FØRDE HF</OrganisationName>
				<Ident>
					<Id>68</Id>
					<TypeId V="HER" S="2.16.578.1.12.4.1.1.9051" DN="HER-id"/>
				</Ident>
				<Organisation>
					<OrganisationName>Blodsykdommer</OrganisationName>
					<Ident>
						<Id>90253</Id>
						<TypeId V="HER" S="2.16.578.1.12.4.1.1.9051" DN="HER-id"/>
					</Ident>
				</Organisation>
			</Organisation>
		</Sender>
		<Receiver>
			<Organisation>
				<OrganisationName>Direktoratet for e-helse</OrganisationName>
				<Ident>
					<Id>115851</Id>
					<TypeId V="HER" S="2.16.578.1.12.4.1.1.9051" DN="HER-id"/>
				</Ident>
				<Organisation>
					<OrganisationName>Helsenorge.no MAS-02</OrganisationName>
					<Ident>
						<Id>8093239</Id>
						<TypeId V="HER" S="2.16.578.1.12.4.1.1.9051" DN="HER-id"/>
					</Ident>
				</Organisation>
			</Organisation>
		</Receiver>
		<Patient>
			<FamilyName>Danser</FamilyName>
			<GivenName>Line</GivenName>
			<Ident>
				<Id>13116900216</Id>
				<TypeId V="FNR" S="2.16.578.1.12.4.1.1.8116" DN="Fødselsnummer"/>
			</Ident>
		</Patient>
	</MsgInfo>
	<Document>
		<RefDoc>
			<IssueDate V="2019-02-19T14:30:47.0Z"/>
			<MsgType V="XML" DN="XML-instans"/>
			<Content>
				<Dialogmelding xmlns="http://www.kith.no/xmlstds/dialog/2006-10-11" xmlns:fk1="http://www.kith.no/xmlstds/felleskomponent1" xsi:schemaLocation="http://www.kith.no/xmlstds/dialog/2006-10-11 ../../../sarepta/skjema/dialogmelding/2006-10-11/dialogmelding.xsd">
					<Notat>
						<TemaKodet V="19" S="2.16.578.1.12.4.1.1.7602" DN="Svar på henvendelse"/>
						<TekstNotatInnhold>Hei. Den inviduelle planen er nettopp utarbeidet. Du bør få innkalling fra din fastlege i løpet av noen dager.</TekstNotatInnhold>
						<Foresporsel>
							<TypeForesp V="HE" S="2.16.578.1.12.4.1.1.7601" DN="Henvendelse"/>
							<Sporsmal>Hei. Dere sa etter forrige undersøkelse at det innen to uker skulle bli utarbeidet en individuell plan og at fastlegen skulle kalle meg inn til kontroll før neste undersøkelse på sykehuset. Nå har det gått 3 uker og jeg har ikke fått informasjon om individuell plan og har heller ikke fått innkalling fra min fastlege. Skal jeg ta kontakt med min fastlege? Mvh Line Danser</Sporsmal>
						</Foresporsel>
						<RollerRelatertNotat>
							<RoleToPatient V="17" S="2.16.578.1.12.4.1.1.9034" DN="Forløpskoordinator kreft"/>
							<HealthcareProfessional>
								<FamilyName>Jones</FamilyName>
								<GivenName>Legesen</GivenName>
								<Ident>
									<fk1:Id>9144919</fk1:Id>
									<fk1:TypeId V="HPR" S="2.16.578.1.12.4.1.1.8116" DN="HPR-nummer"/>
								</Ident>
							</HealthcareProfessional>
						</RollerRelatertNotat>
						<RollerRelatertNotat>
							<RolleNotat V="1" S="2.16.578.1.12.4.1.1.9057" DN="Forfatter"/>
							<HealthcareProfessional>
								<FamilyName>Forfatterersen</FamilyName>
								<GivenName>TestForfatter</GivenName>
								<Ident>
									<fk1:Id xmlns="http://www.kith.no/xmlstds/felleskomponent1">0000010123000</fk1:Id>
									<fk1:TypeId xmlns="http://www.kith.no/xmlstds/felleskomponent1" V="LOP" S="2.16.578.1.12.4.1.1.8268" DN="Lokal identifikator for helsepersonell" OT="DIPS helsetjenesterolleid"/>
								</Ident>
							</HealthcareProfessional>
						</RollerRelatertNotat>
					</Notat>
				</Dialogmelding>
			</Content>
		</RefDoc>
	</Document>
</MsgHead>