<?xml version="1.0" encoding="UTF-8"?>
<MsgHead xmlns="http://www.kith.no/xmlstds/msghead/2006-05-24" xmlns:xsd="http://www.w3.org/2001/XMLSchema.xsd" xmlns:xsi="http://www.w3.org/2001/XMLSchema-instance" xsi:schemaLocation="http://www.kith.no/xmlstds/msghead/2006-05-24 ../../../sarepta/skjema/felleskomponenter/MsgHead-v1_2.xsd">
	<MsgInfo>
		<Type V="DIALOG_INNBYGGER_KOORDINATOR" DN="Dialog mellom innbygger og koordinator"/>
		<MIGversion>v1.2 2006-05-24</MIGversion>
		<GenDate>2019-02-18T14:30:47.0Z</GenDate>
		<MsgId>DC477DDF-E24D-47C3-A7ED-37081BD9D8C0</MsgId>
		<Ack V="J" DN="Ja"/>
		<Sender>
			<Organisation>
				<OrganisationName>Direktoratet for e-helse</OrganisationName>
				<Ident>
					<Id>115851</Id>
					<TypeId V="HER" S="2.16.578.1.12.4.1.1.9051" DN="HER-id"/>
				</Ident>
				<Organisation>
					<OrganisationName>Helsenorge.no MAS-02</OrganisationName>
					<Ident>
						<Id>8093239</Id>
						<TypeId V="HER" S="2.16.578.1.12.4.1.1.9051" DN="HER-id"/>
					</Ident>
				</Organisation>
			</Organisation>
		</Sender>
		<Receiver>
			<Organisation>
				<OrganisationName>HELSE FØRDE HF</OrganisationName>
				<Ident>
					<Id>68</Id>
					<TypeId V="HER" S="2.16.578.1.12.4.1.1.9051" DN="HER-id"/>
				</Ident>
				<Organisation>
					<OrganisationName>Blodsykdommer</OrganisationName>
					<Ident>
						<Id>90253</Id>
						<TypeId V="HER" S="2.16.578.1.12.4.1.1.9051" DN="HER-id"/>
					</Ident>
				</Organisation>
			</Organisation>
		</Receiver>
		<Patient>
			<FamilyName>Danser</FamilyName>
			<GivenName>Line</GivenName>
			<Ident>
				<Id>13116900216</Id>
				<TypeId V="FNR" S="2.16.578.1.12.4.1.1.8116" DN="Fødselsnummer"/>
			</Ident>
		</Patient>
	</MsgInfo>
	<Document>
		<RefDoc>
			<IssueDate V="2019-02-18T14:30:47.0Z"/>
			<MsgType V="XML" DN="XML-instans"/>
			<Content>
				<Dialogmelding xmlns="http://www.kith.no/xmlstds/dialog/2006-10-11" xmlns:fk1="http://www.kith.no/xmlstds/felleskomponent1" xsi:schemaLocation="http://www.kith.no/xmlstds/dialog/2006-10-11 ../../../sarepta/skjema/dialogmelding/2006-10-11/dialogmelding.xsd">
					<Foresporsel>
						<TypeForesp V="HE" S="2.16.578.1.12.4.1.1.7601" DN="Henvendelse"/>
						<Sporsmal>Hei. Dere sa etter forrige undersøkelse at det innen to uker skulle bli utarbeidet en individuell plan og at fastlegen skulle kalle meg inn til kontroll før neste undersøkelse på sykehuset. Nå har det gått 3 uker og jeg har ikke fått informasjon om individuell plan og har heller ikke fått innkalling fra min fastlege. Skal jeg ta kontakt med min fastlege? Mvh Line Danser</Sporsmal>
						<RollerRelatertNotat>
							<RoleToPatient V="17" S="2.16.578.1.12.4.1.1.9034" DN="Forløpskoordinator kreft"/>
							<HealthcareProfessional>
								<FamilyName>Jones</FamilyName>
								<GivenName>Legesen</GivenName>
								<Ident>
									<fk1:Id>9144919</fk1:Id>
									<fk1:TypeId V="HPR" S="2.16.578.1.12.4.1.1.8116" DN="HPR-nummer"/>
								</Ident>
							</HealthcareProfessional>
						</RollerRelatertNotat>
					</Foresporsel>
				</Dialogmelding>
			</Content>
		</RefDoc>
	</Document>
</MsgHead>
