<?xml version="1.0" encoding="UTF-8"?>
<MsgHead xmlns="http://www.kith.no/xmlstds/msghead/2006-05-24" xmlns:xsi="http://www.w3.org/2001/XMLSchema-instance" xsi:schemaLocation="http://www.kith.no/xmlstds/msghead/2006-05-24 ../../../sarepta/skjema/felleskomponenter/MsgHead-v1_2.xsd">
	<MsgInfo>
		<Type V="DIALOG_INNBYGGER_HREG_MELDE_FEIL" DN="Dialog med innbygger - melde feil i helseopplysninger"/>
		<MIGversion>v1.2 2006-05-24</MIGversion>
		<GenDate>2012-11-21T09:30:47.0Z</GenDate>
		<MsgId>e3ac2c9b-0b04-4358-acb9-4f322e31be04</MsgId>
		<Ack V="J" DN="Ja"/>
		<ConversationRef>
			<RefToParent>b10bb388-36d7-4fdf-9a56-9e10cc4d7144</RefToParent>
			<RefToConversation>b10bb388-36d7-4fdf-9a56-9e10cc4d7144</RefToConversation>
		</ConversationRef>
		<Sender>
			<Organisation>
				<OrganisationName>HELSEDIREKTORATET</OrganisationName>
				<Ident>
					<Id>983544622</Id>
					<TypeId V="ENH" S="2.16.578.1.12.4.1.1.9051" DN="Organisasjonsnummeret i Enhetsregister"/>
				</Ident>
				<Ident>
					<Id>2397</Id>
					<TypeId V="HER" S="2.16.578.1.12.4.1.1.9051" DN="HER-id"/>
				</Ident>
				<Organisation>
					<OrganisationName>Norsk Pasientregister</OrganisationName>
					<Ident>
						<Id>94378</Id>
						<TypeId V="HER" S="2.16.578.1.12.4.1.1.9051" DN="HER-id"/>
					</Ident>
				</Organisation>
			</Organisation>
		</Sender>
		<Receiver>
			<Organisation>
				<OrganisationName>DIREKTORATET FOR E-HELSE</OrganisationName>
				<Ident>
					<Id>915933149</Id>
					<TypeId V="ENH" S="2.16.578.1.12.4.1.1.9051" DN="Organisasjonsnummeret i Enhetsregister"/>
				</Ident>
				<Ident>
					<Id>115851</Id>
					<TypeId V="HER" S="2.16.578.1.12.4.1.1.9051" DN="HER-id"/>
				</Ident>
				<Organisation>
					<OrganisationName>Digitale innbyggertjenester</OrganisationName>
					<Ident>
						<Id>8093248</Id>
						<TypeId V="HER" S="2.16.578.1.12.4.1.1.9051" DN="HER-id"/>
					</Ident>
				</Organisation>
			</Organisation>
		</Receiver>
		<Patient>
			<FamilyName>Danser</FamilyName>
			<GivenName>Line</GivenName>
			<Ident>
				<Id>13116900216</Id>
				<TypeId V="FNR" DN="Fødselsnummer" S="2.16.578.1.12.4.1.1.8116"/>
			</Ident>
			<TeleCom>
				<TeleAddress V="mob:99775533"/>
			</TeleCom>
		</Patient>
	</MsgInfo>
	<Document>
		<ContentDescription>innsyn melde feil svar</ContentDescription>
		<RefDoc>
			<IssueDate V="2012-11-14T09:30:47.0Z"/>
			<MsgType V="XML" DN="XML-instans"/>
			<Content>
				<Dialogmelding xmlns="http://www.kith.no/xmlstds/dialog/2013-01-23" xsi:schemaLocation="http://www.kith.no/xmlstds/dialog/2013-01-23 ../../../sarepta/skjema/dialogmelding/2013-01-23/dialogmelding-v1.1.xsd">
					<Notat>
						<TemaKodet V="R12" S="2.16.578.1.12.4.1.1.7606" DN="Svar på henvendelse om melde feil i helseopplysninger"/>
						<TekstNotatInnhold>Hei. Vi har nå rettet opp din blodtype i registeret.</TekstNotatInnhold>
					</Notat>
				</Dialogmelding>
			</Content>
		</RefDoc>
	</Document>
</MsgHead>
