<MsgHead xmlns="http://www.kith.no/xmlstds/msghead/2006-05-24" xmlns:xsi="http://www.w3.org/2001/XMLSchema-instance" xsi:schemaLocation="http://www.kith.no/xmlstds/msghead/2006-05-24 ../../../sarepta/skjema/felleskomponenter/MsgHead-v1_2.xsd">
	<MsgInfo>
		<Type V="DIALOG_INNBYGGER_TIMERESERVASJON" DN="Dialog med innbygger - timereservasjon"/>
		<MIGversion>v1.2 2006-05-24</MIGversion>
		<GenDate>2019-05-20T12:00:10.6271631+02:00</GenDate>
		<MsgId>c0b3e842-3b2f-424c-9e64-1589500adcd6</MsgId>
		<Ack V="J" DN="Ja"/>
		<Sender>
			<Organisation>
				<OrganisationName>Tieto kommune</OrganisationName>
				<Ident>
					<Id>91146</Id>
					<TypeId V="HER" S="2.16.578.1.12.4.1.1.9051" DN="HER-id"/>
				</Ident>
				<Organisation>
					<OrganisationName>Sykepleietjeneste, pleie- og omsorg</OrganisationName>
					<Ident>
						<Id>95337</Id>
						<TypeId V="HER" S="2.16.578.1.12.4.1.1.9051" DN="HER-id"/>
					</Ident>
				</Organisation>
			</Organisation>
		</Sender>
		<Receiver>
			<Organisation>
				<OrganisationName>DIREKTORATET FOR E-HELSE</OrganisationName>
				<Ident>
					<Id>115851</Id>
					<TypeId V="HER" S="2.16.578.1.12.4.1.1.9051" DN="HER-id"/>
				</Ident>
				<Organisation>
					<OrganisationName>Digitale innbyggertjenester</OrganisationName>
					<Ident>
						<Id>8093248</Id>
						<TypeId V="HER" S="2.16.578.1.12.4.1.1.9051" DN="HER-id"/>
					</Ident>
				</Organisation>
			</Organisation>
		</Receiver>
		<Patient>
			<FamilyName>Danser</FamilyName>
			<GivenName>Line</GivenName>
			<Ident>
				<Id>13116900216</Id>
				<TypeId V="FNR" S="2.16.578.1.12.4.1.1.8116" DN="Fødselsnummer"/>
			</Ident>
		</Patient>
	</MsgInfo>
	<Document>
		<RefDoc>
			<IssueDate V="2019-05-20T12:00:10.6271631+02:00"/>
			<MsgType V="XML" DN="XML-instans"/>
			<Content>
				<Dialogmelding xmlns="http://www.kith.no/xmlstds/dialog/2013-01-23" xsi:schemaLocation="http://www.kith.no/xmlstds/dialog/2013-01-23 ../../../sarepta/skjema/dialogmelding/2013-01-23/dialogmelding-v1.1.xsd">
					<Foresporsel>
						<TypeForesp V="MOA" S="2.16.578.1.12.4.1.1.7601" DN="Melding om avtale"/>
					</Foresporsel>
				</Dialogmelding>
			</Content>
		</RefDoc>
	</Document>
	<Document>
		<ContentDescription>iCalendarUtførtTime</ContentDescription>
		<RefDoc>
			<IssueDate V="2017-05-20T11:17:10.6311626+02:00"/>
			<MsgType V="XML" DN="XML-instans"/>
			<Content>
				<icalendar xmlns="urn:ietf:params:xml:ns:icalendar-2.0" xsi:schemaLocation="urn:ietf:params:xml:ns:icalendar-2.0 ../../../sarepta/skjema/felleskomponenter/iCalendar.xsd">
					<vcalendar>
						<properties>
							<version>
								<text>2.0</text>
							</version>
							<prodid>
								<text>PAS-EPJ</text>
							</prodid>
						</properties>
						<components>
							<vevent>
								<properties>
									<dtstart>
										<date-time>2019-05-20T09:05:00</date-time>
									</dtstart>
									<dtend>
										<date-time>2017-04-20T10:05:00</date-time>
									</dtend>
									<status>
										<text>COMPLETED</text>
									</status>
									<uid>
										<text>AC5B5659CB0913BB7F841900</text>
									</uid>
									<location>
										<text>Hjemmebesøk</text>
									</location>
									<description>
										<text>Gulvvask og kaffe</text>
									</description>
									<organizer>
										<parameters>
											<cn>
												<text>Oslo kommune</text>
											</cn>
										</parameters>
										<cal-address>mailto:test.organizer@ehelse.no</cal-address>
									</organizer>
									<attendee>
										<parameters>
											<cn>
												<text>Ola Nordmann</text>
											</cn>
										</parameters>
										<cal-address>mailto:test.ola.nordmann@ehelse.no</cal-address>
									</attendee>
									<contact>
										<text>93971</text>
									</contact>
									<related-to>
										<uri>A650C1AB-30BD-75C9-777C-62772D4C90BE</uri>
									</related-to>
								</properties>
								<components/>
							</vevent>
						</components>
					</vcalendar>
				</icalendar>
			</Content>
		</RefDoc>
	</Document>
</MsgHead>