<?xml version="1.0" encoding="UTF-8"?>
<MsgHead xmlns="http://www.kith.no/xmlstds/msghead/2006-05-24" xmlns:xsd="http://www.w3.org/2001/XMLSchema.xsd" xmlns:xsi="http://www.w3.org/2001/XMLSchema-instance" xsi:schemaLocation="http://www.kith.no/xmlstds/msghead/2006-05-24 ../../../sarepta/skjema/felleskomponenter/MsgHead-v1_2.xsd">
	<MsgInfo>
		<Type V="DIALOG_INNBYGGER_TIMERESERVASJON" DN="Dialog med innbygger - timereservasjon"/>
		<MIGversion>v1.2 2006-05-24</MIGversion>
		<GenDate>2019-05-13T09:31:00.0Z</GenDate>
		<MsgId>804dfc81-b36b-4e90-8334-fb907a169a19</MsgId>
		<Ack V="J" DN="Ja"/>
		<ConversationRef>
			<RefToParent>8325fcb2-89a9-11e3-baa8-0800200c9a66</RefToParent>
			<RefToConversation>8325fcb2-89a9-11e3-baa8-0800200c9a66</RefToConversation>
		</ConversationRef>
		<Sender>
			<Organisation>
				<OrganisationName>Nanset legekontor</OrganisationName>
				<Ident>
					<Id>971318864</Id>
					<TypeId V="ENH" S="2.16.578.1.12.4.1.1.9051" DN="Organisasjonsnummeret i Enhetsregister"/>
				</Ident>
				<Ident>
					<Id>1234</Id>
					<TypeId V="HER" S="2.16.578.1.12.4.1.1.9051" DN="HER-id"/>
				</Ident>
				<HealthcareProfessional>
					<RoleToPatient V="6" S="2.16.578.1.12.4.1.1.9034" DN="Fastlege"/>
					<FamilyName>September</FamilyName>
					<GivenName>August</GivenName>
					<Ident>
						<Id>91095</Id>
						<TypeId V="HER" S="2.16.578.1.12.4.1.1.8116" DN="HER-id"/>
					</Ident>
				</HealthcareProfessional>
			</Organisation>
		</Sender>
		<Receiver>
			<Organisation>
				<OrganisationName>DIREKTORATET FOR E-HELSE</OrganisationName>
				<Ident>
					<Id>115851</Id>
					<TypeId V="HER" S="2.16.578.1.12.4.1.1.9051" DN="HER-id"/>
				</Ident>
				<Organisation>
					<OrganisationName>Digitale innbyggertjenester</OrganisationName>
					<Ident>
						<Id>8093248</Id>
						<TypeId V="HER" S="2.16.578.1.12.4.1.1.9051" DN="HER-id"/>
					</Ident>
				</Organisation>
			</Organisation>
		</Receiver>
		<Patient>
			<FamilyName>Danser</FamilyName>
			<GivenName>Folke</GivenName>
			<Ident>
				<Id>13116900216</Id>
				<TypeId V="FNR" S="2.16.578.1.12.4.1.1.8116" DN="Fødselsnummer"/>
			</Ident>
		</Patient>
	</MsgInfo>
	<Document>
		<ContentDescription>Svar på hent Ledige timer</ContentDescription>
		<RefDoc>
			<IssueDate V="2019-05-13T09:31:00.0Z"/>
			<MsgType V="XML" DN="XML-instans"/>
			<Content>
				<Dialogmelding xmlns="http://www.kith.no/xmlstds/dialog/2013-01-23" xsi:schemaLocation="http://www.kith.no/xmlstds/dialog/2013-01-23 ../../../sarepta/skjema/dialogmelding/2013-01-23/dialogmelding-v1.1.xsd">
					<Notat>
						<TemaKodet V="03" S="2.16.578.1.12.4.1.1.7602" DN="Ledige timer"/>
					</Notat>
				</Dialogmelding>
			</Content>
		</RefDoc>
	</Document>
	<Document>
		<RefDoc>
			<IssueDate V="2019-05-13T09:31:00.0Z"/>
			<MsgType V="XML" DN="XML-instans"/>
			<Description>iCalendarLedigeTimer</Description>
			<Content>
				<icalendar xmlns="urn:ietf:params:xml:ns:icalendar-2.0" xsi:schemaLocation="urn:ietf:params:xml:ns:icalendar-2.0 ../../../sarepta/skjema/felleskomponenter/iCalendar.xsd">
					<vcalendar>
						<properties>
							<version>
								<text>2.0</text>
							</version>
							<prodid>
								<text>PAS-EPJ</text>
							</prodid>
						</properties>
						<components>
							<vevent>
								<properties>
									<dtstart>
										<date-time>2018-07-23T09:45:00</date-time>
									</dtstart>
									<dtend>
										<date-time>2018-07-23T10:00:00</date-time>
									</dtend>
									<uid>
										<text>f3330a88-308f-48ae-b39a-c25cde16154e</text>
									</uid>
									<contact>
										<text>91095 </text>
									</contact>
									<status>
										<text>TENTATIVE</text>
									</status>
									<summary>
										<text/>
									</summary>
									<description>
										<text>Gjør deg klar minst 5 minutter før videotimen starter, og sørg for at bilde og lyd fungerer. Hvis dette er din første videotime, må du beregne litt ekstra tid. Ta kontakt med fastlegekontoret ditt ved feil.</text>
									</description>
									<categories>
										<text>Video</text>
									</categories>
									<attendee>
										<parameters>
											<cn>
												<text>Kari Jensen</text>
											</cn>
										</parameters>
										<cal-address>mailto:test.kari.jensen@ehelse.no</cal-address>
									</attendee>
								</properties>
								<components/>
							</vevent>
							<vevent>
								<properties>
									<dtstart>
										<date-time>2018-07-25T13:30:00</date-time>
									</dtstart>
									<dtend>
										<date-time>2012-07-25T13:45:00</date-time>
									</dtend>
									<uid>
										<text>1bbc3125-591c-440d-b366-dde3fac262a1</text>
									</uid>
									<contact>
										<text>91095</text>
									</contact>
									<location>
										<text>Verkstedveien 1</text>
									</location>
									<categories>
										<text>Hastetime</text>
									</categories>
									<x-available-at>
										<date-time>2018-07-25T08:00:00</date-time>
									</x-available-at>
								</properties>
								<components/>
							</vevent>
						</components>
					</vcalendar>
				</icalendar>
			</Content>
		</RefDoc>
	</Document>
</MsgHead>
