<?xml version="1.0" encoding="UTF-8"?>
<MsgHead xmlns="http://www.kith.no/xmlstds/msghead/2006-05-24" xmlns:xsd="http://www.w3.org/2001/XMLSchema.xsd" xmlns:xsi="http://www.w3.org/2001/XMLSchema-instance" xsi:schemaLocation="http://www.kith.no/xmlstds/msghead/2006-05-24 ../../../sarepta/skjema/felleskomponenter/MsgHead-v1_2.xsd">
	<MsgInfo>
		<Type V="DIALOG_INNBYGGER_TIMERESERVASJON" DN="Dialog med innbygger - timereservasjon"/>
		<MIGversion>v1.2 2006-05-24</MIGversion>
		<GenDate>2019-05-13T09:30:47.0Z</GenDate>
		<MsgId>8325fcb2-89a9-11e3-baa8-0800200c9a66</MsgId>
		<Ack V="J" DN="Ja"/>
		<Sender>
			<Organisation>
				<OrganisationName>DIREKTORATET FOR E-HELSE</OrganisationName>
				<Ident>
					<Id>115851</Id>
					<TypeId V="HER" S="2.16.578.1.12.4.1.1.9051" DN="HER-id"/>
				</Ident>
				<Organisation>
					<OrganisationName>Digitale innbyggertjenester</OrganisationName>
					<Ident>
						<Id>8093248</Id>
						<TypeId V="HER" S="2.16.578.1.12.4.1.1.9051" DN="HER-id"/>
					</Ident>
				</Organisation>
			</Organisation>
		</Sender>
		<Receiver>
			<Organisation>
				<OrganisationName>Nanset legekontor</OrganisationName>
				<Ident>
					<Id>971318864</Id>
					<TypeId V="ENH" S="2.16.578.1.12.4.1.1.9051" DN="Organisasjonsnummeret i Enhetsregister"/>
				</Ident>
				<Ident>
					<Id>1234</Id>
					<TypeId V="HER" S="2.16.578.1.12.4.1.1.9051" DN="HER-id"/>
				</Ident>
				<HealthcareProfessional>
					<RoleToPatient V="6" S="2.16.578.1.12.4.1.1.9034" DN="Fastlege"/>
					<FamilyName>September</FamilyName>
					<GivenName>August</GivenName>
					<Ident>
						<Id>91095</Id>
						<TypeId V="HER" S="2.16.578.1.12.4.1.1.8116" DN="HER-id"/>
					</Ident>
				</HealthcareProfessional>
			</Organisation>
		</Receiver>
		<Patient>
			<FamilyName>Danser</FamilyName>
			<GivenName>Folke</GivenName>
			<Ident>
				<Id>13116900216</Id>
				<TypeId V="FNR" S="2.16.578.1.12.4.1.1.8116" DN="Fødselsnummer"/>
			</Ident>
		</Patient>
	</MsgInfo>
	<Document>
		<ContentDescription>Hent Ledige timer</ContentDescription>
		<RefDoc>
			<IssueDate V="2012-11-14T09:30:47.0Z"/>
			<MsgType V="XML" DN="XML-instans"/>
			<Content>
				<Dialogmelding xmlns="http://www.kith.no/xmlstds/dialog/2013-01-23" xsi:schemaLocation="http://www.kith.no/xmlstds/dialog/2013-01-23 ../../../sarepta/skjema/dialogmelding/2013-01-23/dialogmelding-v1.1.xsd">
					<Foresporsel>
						<TypeForesp V="HLT" S="2.16.578.1.12.4.1.1.7601" DN="Hent ledige timer"/>
						<FraDato>2014-01-30</FraDato>
						<TilDato>2014-02-27</TilDato>
					</Foresporsel>
				</Dialogmelding>
			</Content>
		</RefDoc>
	</Document>
</MsgHead>
