<?xml version="1.0" encoding="UTF-8"?>
<MsgHead xmlns="http://www.kith.no/xmlstds/msghead/2006-05-24" xmlns:xsi="http://www.w3.org/2001/XMLSchema-instance" xsi:schemaLocation="http://www.kith.no/xmlstds/msghead/2006-05-24 ../../../sarepta/skjema/felleskomponenter/MsgHead-v1_2.xsd">
	<MsgInfo>
		<Type V="DIALOG_INNBYGGER_TIMERESERVASJON" DN="Dialog med innbygger - timereservasjon"/>
		<MIGversion>v1.2 2006-05-24</MIGversion>
		<GenDate>2017-05-16T10:17:11.3398449+02:00</GenDate>
		<MsgId>c4bc9e95-095e-428f-a849-db22f070e56b</MsgId>
		<Ack V="J" DN="Ja"/>
		<ConversationRef>
			<RefToParent>9c8987c8-1e01-4ffd-91df-52280b73352c</RefToParent>
			<RefToConversation>9c8987c8-1e01-4ffd-91df-52280b73352c</RefToConversation>
		</ConversationRef>
		<Sender>
			<Organisation>
				<OrganisationName>Tieto kommune</OrganisationName>
				<Ident>
					<Id>87688</Id>
					<TypeId V="HER" S="2.16.578.1.12.4.1.1.9051" DN="HER-id"/>
				</Ident>
				<Organisation>
					<OrganisationName>Sykepleietjeneste, pleie- og omsorg</OrganisationName>
					<Ident>
						<Id>95316</Id>
						<TypeId V="HER" S="2.16.578.1.12.4.1.1.9051" DN="HER-id"/>
					</Ident>
				</Organisation>
			</Organisation>
		</Sender>
		<Receiver>
			<Organisation>
				<OrganisationName>DIREKTORATET FOR E-HELSE</OrganisationName>
				<Ident>
					<Id>115851</Id>
					<TypeId V="HER" S="2.16.578.1.12.4.1.1.9051" DN="HER-id"/>
				</Ident>
				<Organisation>
					<OrganisationName>Digitale innbyggertjenester</OrganisationName>
					<Ident>
						<Id>8093248</Id>
						<TypeId V="HER" S="2.16.578.1.12.4.1.1.9051" DN="HER-id"/>
					</Ident>
				</Organisation>
			</Organisation>
		</Receiver>
		<Patient>
			<FamilyName>Danser</FamilyName>
			<GivenName>Folke</GivenName>
			<Ident>
				<Id>13116900216</Id>
				<TypeId V="FNR" S="2.16.578.1.12.4.1.1.8116" DN="Fødselsnummer"/>
			</Ident>
		</Patient>
	</MsgInfo>
	<Document>
		<ContentDescription>Svar hent bestilte timer</ContentDescription>
		<RefDoc>
			<IssueDate V="2017-05-16T10:17:10.6271631+02:00"/>
			<MsgType V="XML" DN="XML-instans"/>
			<Content>
				<Dialogmelding xmlns="http://www.kith.no/xmlstds/dialog/2013-01-23" xsi:schemaLocation="http://www.kith.no/xmlstds/dialog/2013-01-23 ../../../sarepta/skjema/dialogmelding/2013-01-23/dialogmelding-v1.1.xsd">
					<Notat>
						<TemaKodet V="02" S="2.16.578.1.12.4.1.1.7602" DN="Ingen bestilte timer"/>
					</Notat>
				</Dialogmelding>
			</Content>
		</RefDoc>
	</Document>
</MsgHead>
