<?xml version="1.0" encoding="UTF-8"?>
<MsgHead xmlns="http://www.kith.no/xmlstds/msghead/2006-05-24" xmlns:xsi="http://www.w3.org/2001/XMLSchema-instance" xsi:schemaLocation="http://www.kith.no/xmlstds/msghead/2006-05-24 ../../../sarepta/skjema/felleskomponenter/MsgHead-v1_2.xsd">
	<MsgInfo>
		<Type V="DIALOG_INNBYGGER_TIMERESERVASJON" DN="Dialog med innbygger - timereservasjon"/>
		<MIGversion>v1.2 2006-05-24</MIGversion>
		<GenDate>2017-05-16T10:17:11.3398449+02:00</GenDate>
		<MsgId>c4bc9e95-095e-428f-a849-db22f070e56b</MsgId>
		<Ack V="J" DN="Ja"/>
		<ConversationRef>
			<RefToParent>9c8987c8-1e01-4ffd-91df-52280b73352c</RefToParent>
			<RefToConversation>9c8987c8-1e01-4ffd-91df-52280b73352c</RefToConversation>
		</ConversationRef>
		<Sender>
			<Organisation>
				<OrganisationName>Tieto kommune</OrganisationName>
				<Ident>
					<Id>87688</Id>
					<TypeId V="HER" S="2.16.578.1.12.4.1.1.9051" DN="HER-id"/>
				</Ident>
				<Organisation>
					<OrganisationName>Sykepleietjeneste, pleie- og omsorg</OrganisationName>
					<Ident>
						<Id>95316</Id>
						<TypeId V="HER" S="2.16.578.1.12.4.1.1.9051" DN="HER-id"/>
					</Ident>
				</Organisation>
			</Organisation>
		</Sender>
		<Receiver>
			<Organisation>
				<OrganisationName>DIREKTORATET FOR E-HELSE</OrganisationName>
				<Ident>
					<Id>115851</Id>
					<TypeId V="HER" S="2.16.578.1.12.4.1.1.9051" DN="HER-id"/>
				</Ident>
				<Organisation>
					<OrganisationName>Digitale innbyggertjenester</OrganisationName>
					<Ident>
						<Id>8093248</Id>
						<TypeId V="HER" S="2.16.578.1.12.4.1.1.9051" DN="HER-id"/>
					</Ident>
				</Organisation>
			</Organisation>
		</Receiver>
		<Patient>
			<FamilyName>Danser</FamilyName>
			<GivenName>Folke</GivenName>
			<Ident>
				<Id>13116900216</Id>
				<TypeId V="FNR" S="2.16.578.1.12.4.1.1.8116" DN="Fødselsnummer"/>
			</Ident>
		</Patient>
	</MsgInfo>
	<Document>
		<ContentDescription>Svar hent bestilte timer</ContentDescription>
		<RefDoc>
			<IssueDate V="2017-05-16T10:17:10.6271631+02:00"/>
			<MsgType V="XML" DN="XML-instans"/>
			<Content>
				<Dialogmelding xmlns="http://www.kith.no/xmlstds/dialog/2013-01-23" xsi:schemaLocation="http://www.kith.no/xmlstds/dialog/2013-01-23 ../../../sarepta/skjema/dialogmelding/2013-01-23/dialogmelding-v1.1.xsd">
					<Notat>
						<TemaKodet V="01" S="2.16.578.1.12.4.1.1.7602" DN="Bestilte timer"/>
					</Notat>
				</Dialogmelding>
			</Content>
		</RefDoc>
	</Document>
	<Document>
		<ContentDescription>iCalendarFremdtidigeAvtaler</ContentDescription>
		<RefDoc>
			<IssueDate V="2017-05-16T10:17:10.6311626+02:00"/>
			<MsgType V="XML" DN="XML-instans"/>
			<Content>
				<icalendar xmlns="urn:ietf:params:xml:ns:icalendar-2.0" xsi:schemaLocation="urn:ietf:params:xml:ns:icalendar-2.0 ../../../sarepta/skjema/felleskomponenter/iCalendar.xsd">
					<vcalendar>
						<properties>
							<version>
								<text>2.0</text>
							</version>
							<prodid>
								<text>PAS-EPJ</text>
							</prodid>
						</properties>
						<components>
							<vevent>
								<properties>
									<dtstart>
										<date-time>2017-05-16T09:00:00</date-time>
									</dtstart>
									<dtend>
										<date-time>2017-05-16T09:30:00</date-time>
									</dtend>
									<uid>
										<text>6363052200000000001</text>
									</uid>
									<contact>
										<text>12345</text>
									</contact>
									<status>
										<text>CONFIRMED</text>
									</status>
									<location>
										<text>Hjemmebesøk</text>
									</location>
									<summary>
										<text>Hjemmesykepleie</text>
									</summary>
									<description>
										<text>Ukentlig avtale for praktisk bistand</text>
									</description>
									<categories>
										<text>TjenesteId: 9</text>
									</categories>
									<attendee>
										<parameters>
											<cn>
												<text>Kari Jensen</text>
											</cn>
										</parameters>
										<cal-address>mailto:test.kari.jensen@ehelse.no</cal-address>
									</attendee>
									<attendee>
										<parameters>
											<cn>
												<text>Ola Nordmann</text>
											</cn>
										</parameters>
										<cal-address>mailto:test.ola.nordmann@ehelse.no</cal-address>
									</attendee>
									<organizer>
										<parameters>
											<cn>
												<text>Bergen Hjemmehjelpservice</text>
											</cn>
										</parameters>
										<cal-address>mailto:test.organizer@ehelse.no</cal-address>
									</organizer>
								</properties>
								<components/>
							</vevent>
							<vevent>
								<properties>
									<dtstart>
										<date-time>2017-05-16T09:00:00</date-time>
									</dtstart>
									<dtend>
										<date-time>2017-05-16T12:00:00</date-time>
									</dtend>
									<exdate>
										<date-time>2017-05-26T09:00:00</date-time>
									</exdate>
									<exdate>
										<date-time>2017-05-27T09:00:00</date-time>
									</exdate>
									<uid>
										<text>6363052200000000002</text>
									</uid>
									<contact>
										<text>12345</text>
									</contact>
									<status>
										<text>TENTATIVE</text>
									</status>
									<location>
										<text>Hjemmebesøk</text>
									</location>
									<summary>
										<text>Hjemmesykepleie</text>
									</summary>
									<description>
										<text>Ukentlig avtale for praktisk bistand</text>
									</description>
									<categories>
										<text>Tidsvindu</text>
										<text>TjenesteId: 2</text>
									</categories>
									<x-expected-duration>
										<duration>P30M</duration>
									</x-expected-duration>
									<organizer>
										<parameters>
											<cn>
												<text>Bergen Hjemmehjelpservice</text>
											</cn>
										</parameters>
										<cal-address>mailto:test.organizer@ehelse.no</cal-address>
									</organizer>
									<rrule>
										<recur>
											<freq>WEEKLY</freq>
											<interval/>
											<byday>MO,TU,WE,TH,FR,SA</byday>
										</recur>
									</rrule>
								</properties>
								<components/>
							</vevent>
							<vevent>
								<properties>
									<dtstart>
										<date-time>2017-05-16T09:00:00</date-time>
									</dtstart>
									<dtend>
										<date-time>2017-05-16T12:00:00</date-time>
									</dtend>
									<exdate>
										<date-time>2017-05-26T09:00:00</date-time>
									</exdate>
									<exdate>
										<date-time>2017-05-27T09:00:00</date-time>
									</exdate>
									<uid>
										<text>6363052200000000002</text>
									</uid>
									<contact>
										<text>12345</text>
									</contact>
									<status>
										<text>TENTATIVE</text>
									</status>
									<location>
										<text>Hjemmebesøk</text>
									</location>
									<summary>
										<text>Hjemmesykepleie</text>
									</summary>
									<description>
										<text>Ukentlig avtale for praktisk bistand</text>
									</description>
									<categories>
										<text>TjenesteId: 12</text>
									</categories>
									<x-expected-duration>
										<duration>P30M</duration>
									</x-expected-duration>
									<organizer>
										<parameters>
											<cn>
												<text>Bergen Hjemmehjelpservice</text>
											</cn>
										</parameters>
										<cal-address>mailto:test.organizer@ehelse.no</cal-address>
									</organizer>
									<rrule>
										<recur>
											<freq>WEEKLY</freq>
											<interval/>
											<byday>MO,TU,WE,TH,FR,SA</byday>
										</recur>
									</rrule>
								</properties>
								<components/>
							</vevent>
						</components>
					</vcalendar>
				</icalendar>
			</Content>
		</RefDoc>
	</Document>
</MsgHead>
