<?xml version="1.0" encoding="UTF-8"?>
<!-- Eksempel på bruk av hodemeldingen sammen med dialogmeldingen -->
<MsgHead xmlns="http://www.kith.no/xmlstds/msghead/2006-05-24" xmlns:xsd="http://www.w3.org/2001/XMLSchema.xsd" xmlns:xsi="http://www.w3.org/2001/XMLSchema-instance" xsi:schemaLocation="http://www.kith.no/xmlstds/msghead/2006-05-24 ../../../sarepta/skjema/felleskomponenter/MsgHead-v1_2.xsd">
	<MsgInfo>
		<Type V="DIALOG_INNBYGGER_TIMERESERVASJON" DN="Dialog med innbygger - timereservasjon"/>
		<MIGversion>v1.2 2006-05-24</MIGversion>
		<GenDate>2019-05-21T09:30:47.0Z</GenDate>
		<MsgId>8325fcb5-89a9-11e3-baa8-0800200c9a66</MsgId>
		<Ack V="J" DN="Ja"/>
		<ConversationRef>
			<RefToParent>8325fcb4-89a9-11e3-baa8-0800200c9a66</RefToParent>
			<RefToConversation>8325fcb4-89a9-11e3-baa8-0800200c9a66</RefToConversation>
		</ConversationRef>
		<Sender>
			<Organisation>
				<OrganisationName>Nanset legekontor</OrganisationName>
				<Ident>
					<Id>971318864</Id>
					<TypeId V="ENH" S="2.16.578.1.12.4.1.1.9051" DN="Organisasjonsnummeret i Enhetsregister"/>
				</Ident>
				<Ident>
					<Id>1234</Id>
					<TypeId V="HER" S="2.16.578.1.12.4.1.1.9051" DN="HER-id"/>
				</Ident>
				<HealthcareProfessional>
					<RoleToPatient V="6" S="2.16.578.1.12.4.1.1.9034" DN="Fastlege"/>
					<FamilyName>September</FamilyName>
					<GivenName>August</GivenName>
					<Ident>
						<Id>91095</Id>
						<TypeId V="HER" S="2.16.578.1.12.4.1.1.8116" DN="HER-id"/>
					</Ident>
				</HealthcareProfessional>
			</Organisation>		</Sender>
		<Receiver>
			<Organisation>
				<OrganisationName>DIREKTORATET FOR E-HELSE</OrganisationName>
				<Ident>
					<Id>115851</Id>
					<TypeId V="HER" S="2.16.578.1.12.4.1.1.9051" DN="HER-id"/>
				</Ident>
				<Organisation>
					<OrganisationName>Digitale innbyggertjenester</OrganisationName>
					<Ident>
						<Id>8093248</Id>
						<TypeId V="HER" S="2.16.578.1.12.4.1.1.9051" DN="HER-id"/>
					</Ident>
				</Organisation>
			</Organisation>
		</Receiver>
		<Patient>
			<FamilyName>Danser</FamilyName>
			<GivenName>Folke</GivenName>
			<Ident>
				<Id>13116900216</Id>
				<TypeId V="FNR" S="2.16.578.1.12.4.1.1.8116" DN="Fødselsnummer"/>
			</Ident>
		</Patient>
	</MsgInfo>
	<Document>
		<ContentDescription>Forespørsel avvist</ContentDescription>
		<RefDoc>
			<IssueDate V="2019-05-21T09:30:47.0Z"/>
			<MsgType V="XML" DN="XML-instans"/>
			<Content>
				<Dialogmelding xmlns="http://www.kith.no/xmlstds/dialog/2013-01-23" xmlns:fk1="http://www.kith.no/xmlstds/felleskomponent1" xsi:schemaLocation="http://www.kith.no/xmlstds/dialog/2013-01-23 ../../../sarepta/skjema/dialogmelding/2013-01-23/dialogmelding-v1.1.xsd">
					<Notat>
						<TemaKodet V="26" S="2.16.578.1.12.4.1.1.7602" DN="Forespørsel avvist"/>
					</Notat>
				</Dialogmelding>
			</Content>
		</RefDoc>
	</Document>
	<Document>
		<RefDoc>
			<MsgType V="XML" DN="XML-instans"/>
			<Description>iCalendarBestillTime</Description>
			<Content>
				<icalendar xmlns="urn:ietf:params:xml:ns:icalendar-2.0" xsi:schemaLocation="urn:ietf:params:xml:ns:icalendar-2.0 ../../../sarepta/skjema/felleskomponenter/iCalendar.xsd">
					<vcalendar>
						<properties>
							<version>
								<text>2.0</text>
							</version>
							<prodid>
								<text>PAS EPJ</text>
							</prodid>
						</properties>
						<components>
							<vevent>
								<properties>
									<dtstart>
										<date-time>2019-07-05T11:45:00</date-time>
									</dtstart>
									<dtend>
										<date-time>2019-07-05T12:00:00</date-time>
									</dtend>
									<uid>
										<text>4088E990AD89CB3DBB484909</text>
									</uid>
									<related-to>
										<uri>651b1341-26ca-11e4-8c21-0800200c9a66</uri>
									</related-to>
									<contact>
										<text>91095</text>
									</contact>
								</properties>
								<components/>
							</vevent>
						</components>
					</vcalendar>
				</icalendar>
			</Content>
		</RefDoc>
	</Document>
</MsgHead>
