<?xml version="1.0" encoding="utf-8"?>
<MsgHead xmlns="http://www.kith.no/xmlstds/msghead/2006-05-24" xmlns:xsd="http://www.w3.org/2001/XMLSchema.xsd" xmlns:xsi="http://www.w3.org/2001/XMLSchema-instance" xsi:schemaLocation="http://www.kith.no/xmlstds/msghead/2006-05-24 ../../../sarepta/skjema/felleskomponenter/MsgHead-v1_2.xsd">
	<MsgInfo>
		<Type V="DIALOG_INNBYGGER_RESEPTFORNYELSE" DN="Dialog med innbygger - reseptfornyelse"/>
		<MIGversion>v1.2 2006-05-24</MIGversion>
		<GenDate>2017-05-12T09:41:02.0Z</GenDate>
		<MsgId>76294f15-8d9e-4fe5-bf77-c23c7be4cf67</MsgId>
		<Ack V="J" DN="Ja"/>
		<ConversationRef>
			<RefToParent>2136359d-407f-48ce-8690-ed5686692e43</RefToParent>
			<RefToConversation>2136359d-407f-48ce-8690-ed5686692e43</RefToConversation>
		</ConversationRef>
		<Sender>
			<Organisation>
				<OrganisationName>Nanset legekontor</OrganisationName>
				<Ident>
					<Id>971318864</Id>
					<TypeId V="ENH" S="2.16.578.1.12.4.1.1.9051" DN="Organisasjonsnummeret i Enhetsregister"/>
				</Ident>
				<Ident>
					<Id>1234</Id>
					<TypeId V="HER" S="2.16.578.1.12.4.1.1.9051" DN="HER-id"/>
				</Ident>
				<HealthcareProfessional>
					<RoleToPatient V="6" S="2.16.578.1.12.4.1.1.9034" DN="Fastlege"/>
					<FamilyName>September</FamilyName>
					<GivenName>August</GivenName>
					<Ident>
						<Id>91095</Id>
						<TypeId V="HER" S="2.16.578.1.12.4.1.1.8116" DN="HER-id"/>
					</Ident>
				</HealthcareProfessional>
			</Organisation>
		</Sender>
		<Receiver>
			<Organisation>
				<OrganisationName>DIREKTORATET FOR E-HELSE</OrganisationName>
				<Ident>
					<Id>115851</Id>
					<TypeId V="HER" S="2.16.578.1.12.4.1.1.9051" DN="HER-id"/>
				</Ident>
				<Organisation>
					<OrganisationName>Digitale innbyggertjenester</OrganisationName>
					<Ident>
						<Id>8093248</Id>
						<TypeId V="HER" S="2.16.578.1.12.4.1.1.9051" DN="HER-id"/>
					</Ident>
				</Organisation>
			</Organisation>
		</Receiver>
		<Patient>
			<FamilyName>Danser</FamilyName>
			<GivenName>Line</GivenName>
			<Ident>
				<Id>13116900216</Id>
				<TypeId V="FNR" S="2.16.578.1.12.4.1.1.8116" DN="Fødselsnummer"/>
			</Ident>
		</Patient>
	</MsgInfo>
	<Document>
		<RefDoc>
			<MsgType V="XML" DN="XML-instans"/>
			<Content>
				<Dialogmelding xmlns="http://www.kith.no/xmlstds/dialog/2013-01-23" xsi:schemaLocation="http://www.kith.no/xmlstds/dialog/2013-01-23 ../../../sarepta/skjema/dialogmelding/2013-01-23/dialogmelding-v1.1.xsd">
					<Notat>
						<TemaKodet V="14" S="2.16.578.1.12.4.1.1.7602" DN="Resept er fornyet"/>
						<Tema>Migrenemedisin</Tema>
					</Notat>
				</Dialogmelding>
			</Content>
		</RefDoc>
	</Document>
	<Document>
		<RefDoc>
			<MsgType V="XML" DN="XML-instans"/>
			<Content>
				<Resept xmlns="http://www.kith.no/xmlstds/eresept/m1/2013-10-08" xsi:schemaLocation="http://www.kith.no/xmlstds/eresept/m1/2013-10-08 ../../../sarepta/skjema/eresept/m1/2013-10-08/ER-M1-2013-10-08.xsd">
					<Forskrivningsdato>2017-05-12</Forskrivningsdato>
					<Utloper>2018-05-12</Utloper>
					<Spesialitet V="1" S="2.16.578.1.12.4.1.1.7426" DN="Allmennmedisin"/>
					<ReseptDokLegemiddel>
						<Varegruppekode V="L" DN="Legemiddel"/>
						<Antall>6</Antall>
						<RefHjemmel V="200" S="2.16.578.1.12.4.1.1.7427" DN="§5-14 §2"/>
						<RefKode V="N89" S="2.16.578.1.12.4.1.1.7170" DN="Migrene"/>
						<Reiterasjon>3</Reiterasjon>
						<Forskrivning xmlns="http://www.kith.no/xmlstds/eresept/forskrivning/2013-10-08" xsi:schemaLocation="http://www.kith.no/xmlstds/eresept/forskrivning/2013-10-08 ../../../sarepta/skjema/eresept/forskriving/m1/2013-10-08/ER-M1-2013-10-08.xsd">
							<DosVeiledEnkel>MIGRENEMEDISIN
1 tablett straks ved begynnende migrene.
Maks 1 tablett til etter 2 timer.</DosVeiledEnkel>
							<Bruk V="1" DN="Fast"/>
							<Legemiddelpakning>
								<Atc V="N02CC04" S="2.16.578.1.12.4.1.1.7180" DN="Rizatriptan"/>
								<NavnFormStyrke>Maxalt Rapitab Smeltetab 10 mg</NavnFormStyrke>
								<Reseptgruppe V="C" DN="Reseptgruppe C"/>
								<LegemiddelformKort V="48" S="2.16.578.1.12.4.1.1.7448" DN="Smeltetablett"/>
								<Preparattype V="7" DN="Legemiddel"/>
								<TypeSoknadSlv V="1" DN="Skal ikke søkes"/>
								<Id>ID_5211235A-F27D-4D2F-85D9-0198024327BA</Id>
								<Varenr>397604</Varenr>
								<Ean>7046263976044</Ean>
								<Oppbevaring V="R" DN="Rom (15-25 grader)"/>
								<PakningsinfoResept>
									<Varenavn>Maxalt Rapitab</Varenavn>
									<Pakningsstr>3 x 1</Pakningsstr>
									<EnhetPakning V="stk" S="2.16.578.1.12.4.1.1.7452" DN="stykk"/>
								</PakningsinfoResept>
								<PrisVare>
									<Type V="2" S="2.16.578.1.12.4.1.1.7453" DN="Refusjonspris"/>
									<Pris V="88.3" U="NOK"/>
									<GyldigFraDato>2014-01-01</GyldigFraDato>
								</PrisVare>
								<PrisVare>
									<Type V="5" S="2.16.578.1.12.4.1.1.7453" DN="Trinnpris"/>
									<Pris V="88.3" U="NOK"/>
									<GyldigFraDato>2014-01-01</GyldigFraDato>
								</PrisVare>
								<PrisVare>
									<Type V="3" S="2.16.578.1.12.4.1.1.7453" DN="AIP"/>
									<Pris V="71.6" U="NOK"/>
									<GyldigFraDato>2017-01-01</GyldigFraDato>
								</PrisVare>
								<PrisVare>
									<Type V="4" S="2.16.578.1.12.4.1.1.7453" DN="AUP"/>
									<Pris V="127" U="NOK"/>
									<GyldigFraDato>2017-01-01</GyldigFraDato>
								</PrisVare>
								<Markedsforingsinfo>
									<Markedsforingsdato>2011-09-05</Markedsforingsdato>
								</Markedsforingsinfo>
							</Legemiddelpakning>
						</Forskrivning>
					</ReseptDokLegemiddel>
					<OppdatertFest>2015-02-25T01:00:06</OppdatertFest>
					<TidligsteUtlevering>2017-01-03</TidligsteUtlevering>
					<LastResept>false</LastResept>
				</Resept>
			</Content>
		</RefDoc>
	</Document>
</MsgHead>
