<?xml version="1.0" encoding="UTF-8"?>
<MsgHead xmlns="http://www.kith.no/xmlstds/msghead/2006-05-24" xmlns:xsd="http://www.w3.org/2001/XMLSchema.xsd" xmlns:xsi="http://www.w3.org/2001/XMLSchema-instance" xsi:schemaLocation="http://www.kith.no/xmlstds/msghead/2006-05-24 ../../../sarepta/skjema/felleskomponenter/MsgHead-v1_2.xsd">
	<MsgInfo>
		<Type V="DIALOG_INNBYGGER_TIMER" DN="Dialog med innbygger om timer"/>
		<MIGversion>v1.2 2006-05-24</MIGversion>
		<GenDate>2019-04-05T10:30:47.0Z</GenDate>
		<MsgId>a612e965-1fbf-11e5-867f-0800200c9a66</MsgId>
		<Ack V="J" DN="Ja"/>
		<ConversationRef>
			<RefToParent>dee1d49d-1961-4446-a80f-f209165e0c8a</RefToParent>
			<RefToConversation>dee1d49d-1961-4446-a80f-f209165e0c8a</RefToConversation>
		</ConversationRef>
		<Sender>
			<Organisation>
				<OrganisationName>HELSE FØRDE HF</OrganisationName>
				<Ident>
					<Id>68</Id>
					<TypeId V="HER" S="2.16.578.1.12.4.1.1.9051" DN="HER-id"/>
				</Ident>
				<Organisation>
					<OrganisationName>Blodsykdommer</OrganisationName>
					<Ident>
						<Id>90253</Id>
						<TypeId V="HER" S="2.16.578.1.12.4.1.1.9051" DN="HER-id"/>
					</Ident>
				</Organisation>
			</Organisation>
		</Sender>
		<Receiver>
			<Organisation>
				<OrganisationName>DIREKTORATET FOR E-HELSE</OrganisationName>
				<Ident>
					<Id>115851</Id>
					<TypeId V="HER" S="2.16.578.1.12.4.1.1.9051" DN="HER-id"/>
				</Ident>
				<Organisation>
					<OrganisationName>Digitale innbyggertjenester</OrganisationName>
					<Ident>
						<Id>8093248</Id>
						<TypeId V="HER" S="2.16.578.1.12.4.1.1.9051" DN="HER-id"/>
					</Ident>
				</Organisation>
			</Organisation>
		</Receiver>
		<Patient>
			<FamilyName>Danser</FamilyName>
			<GivenName>Line</GivenName>
			<Ident>
				<Id>13116900216</Id>
				<TypeId V="FNR" S="2.16.578.1.12.4.1.1.8116" DN="Fødselsnummer"/>
			</Ident>
		</Patient>
	</MsgInfo>
	<Document>
		<RefDoc>
			<IssueDate V="2019-05-24T09:30:47.0Z"/>
			<MsgType V="XML" DN="XML-instans"/>
			<Content>
				<Dialogmelding xmlns="http://www.kith.no/xmlstds/dialog/2006-10-11" xmlns:fk1="http://www.kith.no/xmlstds/felleskomponent1" xsi:schemaLocation="http://www.kith.no/xmlstds/dialog/2006-10-11 ../../../sarepta/skjema/dialogmelding/2006-10-11/dialogmelding.xsd">
					<Notat>
						<TemaKodet V="36" S="2.16.578.1.12.4.1.1.7602" DN="Behandlingsforløp kunne ikke avsluttes"/>
						<TekstNotatInnhold>Det er svært viktig at du møter opp til behandlingen</TekstNotatInnhold>
						<Foresporsel>
							<TypeForesp V="OAB" S="2.16.578.1.12.4.1.1.7601" DN="Ønske om avslutning av behandlingsforløp"/>
							<Sporsmal>Jeg ønsker ikke å fortsette med denne behandlingen min.</Sporsmal>
						</Foresporsel>
						<RollerRelatertNotat>
							<RoleToPatient V="9" S="2.16.578.1.12.4.1.1.9034" DN="Primærkontakt"/>
							<HealthcareProfessional>
								<FamilyName>Linn</FamilyName>
								<GivenName>Legesen</GivenName>
								<Ident>
									<fk1:Id>9142800</fk1:Id>
									<fk1:TypeId V="HPR" S="2.16.578.1.12.4.1.1.8116" DN="HPR-nummer"/>
								</Ident>
							</HealthcareProfessional>
						</RollerRelatertNotat>
					</Notat>
				</Dialogmelding>
			</Content>
		</RefDoc>
	</Document>
	<Document>
		<RefDoc>
			<IssueDate V="2019-05-24T09:30:47.0Z"/>
			<MsgType V="XML" DN="XML-instans"/>
			<MimeType>application/iCalendar</MimeType>
			<Content>
				<icalendar xmlns="urn:ietf:params:xml:ns:icalendar-2.0" xsi:schemaLocation="urn:ietf:params:xml:ns:icalendar-2.0 ../../../sarepta/skjema/felleskomponenter/iCalendar.xsd">
					<vcalendar>
						<properties>
							<version>
								<text>2.0</text>
							</version>
							<prodid>
								<text>PAS-EPJ</text>
							</prodid>
						</properties>
						<components>
							<vevent>
								<properties>
									<dtstart>
										<date-time>2019-04-25T13:30:00</date-time>
									</dtstart>
									<dtend>
										<date-time>2019-04-25T13:45:00</date-time>
									</dtend>
									<uid>
										<text>14a7292a-f88e-4e8b-a120-80213bac147a</text>
									</uid>
									<contact>
										<text>90253</text>
									</contact>
								</properties>
								<components/>
							</vevent>
						</components>
					</vcalendar>
				</icalendar>
			</Content>
		</RefDoc>
	</Document>
</MsgHead>
