<?xml version="1.0" encoding="UTF-8"?>
<MsgHead xmlns="http://www.kith.no/xmlstds/msghead/2006-05-24" xmlns:xsi="http://www.w3.org/2001/XMLSchema-instance" xmlns:xsd="http://www.w3.org/2001/XMLSchema.xsd" xsi:schemaLocation="http://www.kith.no/xmlstds/msghead/2006-05-24 ../../../sarepta/skjema/felleskomponenter/MsgHead-v1_2.xsd">
	<MsgInfo>
		<Type V="DIALOG_INNBYGGER_TIMER" DN="Dialog med innbygger om timer" />
		<MIGversion>v1.2 2006-05-24</MIGversion>
		<GenDate>2019-05-01T09:20:11.0Z</GenDate>
		<MsgId>12345966-1fbf-11e5-867f-0800200c9a66</MsgId>
		<Ack V="J" DN="Ja"/>
		<Sender>
			<Organisation>
				<OrganisationName>DIREKTORATET FOR E-HELSE</OrganisationName>
				<Ident>
					<Id>115851</Id>
					<TypeId V="HER" S="2.16.578.1.12.4.1.1.9051" DN="HER-id"/>
				</Ident>
				<Organisation>
					<OrganisationName>Digitale innbyggertjenester</OrganisationName>
					<Ident>
						<Id>8093248</Id>
						<TypeId V="HER" S="2.16.578.1.12.4.1.1.9051" DN="HER-id"/>
					</Ident>
				</Organisation>
			</Organisation>
		</Sender>
		<Receiver>
			<Organisation>
				<OrganisationName>HELSE FØRDE HF</OrganisationName>
				<Ident>
					<Id>68</Id>
					<TypeId V="HER" S="2.16.578.1.12.4.1.1.9051" DN="HER-id"/>
				</Ident>
				<Organisation>
					<OrganisationName>Blodsykdommer</OrganisationName>
					<Ident>
						<Id>90253</Id>
						<TypeId V="HER" S="2.16.578.1.12.4.1.1.9051" DN="HER-id"/>
					</Ident>
				</Organisation>
			</Organisation>
		</Receiver>
		<Patient>
			<FamilyName>Danser</FamilyName>
			<GivenName>Line</GivenName>
			<Ident>
				<Id>13116900216</Id>
				<TypeId V="FNR" S="2.16.578.1.12.4.1.1.8116" DN="Fødselsnummer"/>
			</Ident>
		</Patient>
	</MsgInfo>
	<Document>
		<ContentDescription>Spørmål til time svar</ContentDescription>
		<RefDoc>
			<IssueDate V="2015-08-27T09:30:47.0Z"/>
			<MsgType V="XML" DN="XML-instans"/>
			<Content>
				<Dialogmelding xmlns="http://www.kith.no/xmlstds/dialog/2006-10-11" xsi:schemaLocation="http://www.kith.no/xmlstds/dialog/2006-10-11 ../../../sarepta/skjema/dialogmelding/2006-10-11/dialogmelding.xsd">
					<Foresporsel>
						<TypeForesp V="HE" S="2.16.578.1.12.4.1.1.7601" DN="Henvendelse"/>
						<Sporsmal>Hei. Må jeg virkelig faste i en uke før jeg møter til timen?</Sporsmal>
					</Foresporsel>
				</Dialogmelding>
			</Content>
		</RefDoc>
	</Document>
	<Document>
		<RefDoc>
			<MsgType V="XML" DN="XML-instans"/>
			<MimeType>application/iCalendar</MimeType>
			<Content>
				<icalendar xmlns="urn:ietf:params:xml:ns:icalendar-2.0" xsi:schemaLocation="urn:ietf:params:xml:ns:icalendar-2.0 ../../../sarepta/skjema/felleskomponenter/iCalendar.xsd">
					<vcalendar>
						<properties>
							<version>
								<text>2.0</text>
							</version>
							<prodid>
								<text>PAS-EPJ</text>
							</prodid>
						</properties>
						<components>
							<vevent>
								<properties>
									<dtstart>
										<date-time>2019-05-22T11:45:00</date-time>
									</dtstart>
									<dtend>
										<date-time>2019-05-22T12:00:00</date-time>
									</dtend>
									<uid>
										<text>01f79813-2d2e-47f0-b38e-f84a71b74f22</text>
									</uid>
									<contact>
										<text>90253</text>
									</contact>
								</properties>
								<components/>
							</vevent>
						</components>
					</vcalendar>
				</icalendar>
			</Content>
		</RefDoc>
	</Document>
</MsgHead>