<?xml version="1.0" encoding="UTF-8"?>
<MsgHead xmlns="http://www.kith.no/xmlstds/msghead/2006-05-24" xmlns:xsd="http://www.w3.org/2001/XMLSchema.xsd" xmlns:xsi="http://www.w3.org/2001/XMLSchema-instance" xsi:schemaLocation="http://www.kith.no/xmlstds/msghead/2006-05-24 ../../../sarepta/skjema/felleskomponenter/MsgHead-v1_2.xsd">
	<MsgInfo>
		<Type V="DIALOG_INNBYGGER_DIGITALBRUKER" DN="Dialog med innbygger - digital bruker"/>
		<MIGversion>v1.2 2006-05-24</MIGversion>
		<GenDate>2019-04-28T09:31:47.0Z</GenDate>
		<MsgId>8cd167ff-f285-4f50-9776-4323719f8bc9</MsgId>
		<Ack V="J" DN="Ja"/>
		<ConversationRef>
			<RefToParent>7634ea55-cea2-11e3-9c1a-0800200c9a66</RefToParent>
			<RefToConversation>7634ea55-cea2-11e3-9c1a-0800200c9a66</RefToConversation>
		</ConversationRef>
		<Sender>
			<Organisation>
				<OrganisationName>Direktoratet for e-helse</OrganisationName>
				<Ident>
					<Id>115851</Id>
					<TypeId V="HER" S="2.16.578.1.12.4.1.1.9051" DN="HER-id"/>
				</Ident>
				<Organisation>
					<OrganisationName>Helsenorge.no MAS-02</OrganisationName>
					<Ident>
						<Id>8093239</Id>
						<TypeId V="HER" S="2.16.578.1.12.4.1.1.9051" DN="HER-id"/>
					</Ident>
				</Organisation>
			</Organisation>
		</Sender>
		<Receiver>
			<Organisation>
				<OrganisationName>Nanset Legekontor</OrganisationName>
				<Ident>
					<Id>987654</Id>
					<TypeId V="HER" S="2.16.578.1.12.4.1.1.9051" DN="HER-id"/>
				</Ident>
				<HealthcareProfessional>
					<RoleToPatient V="6" S="2.16.578.1.12.4.1.1.9034" DN="Fastlege"/>
					<FamilyName>September</FamilyName>
					<GivenName>August</GivenName>
					<Ident>
						<Id>91095</Id>
						<TypeId V="HER" S="2.16.578.1.12.4.1.1.8116" DN="HER-id"/>
					</Ident>
				</HealthcareProfessional>
			</Organisation>
		</Receiver>
	</MsgInfo>
	<Document>
		<ContentDescription>Digitalt aktive brukere</ContentDescription>
		<RefDoc>
			<IssueDate V="2019-04-28T09:31:47.0Z"/>
			<MsgType V="XML" DN="XML-instans"/>
			<Content>
				<Dialogmelding xmlns="http://www.kith.no/xmlstds/dialog/2013-01-23" xsi:schemaLocation="http://www.kith.no/xmlstds/dialog/2013-01-23 ../../../sarepta/skjema/dialogmelding/2013-01-23/dialogmelding-v1.1.xsd">
					<Notat>
						<TemaKodet V="28" S="2.16.578.1.12.4.1.1.7602" DN="Digitale aktive brukere"/>
					</Notat>
				</Dialogmelding>
			</Content>
		</RefDoc>
	</Document>
	<Document>
		<RefDoc>
			<IssueDate V="2019-04-28T09:31:47.0Z"/>
			<MsgType V="XML" DN="XML-instans"/>
			<Content>
				<Personer xmlns="http://www.kith.no/xmlstds/person/2014-03-28" xmlns:fk1="http://www.kith.no/xmlstds/felleskomponent1" xsi:schemaLocation="http://www.kith.no/xmlstds/person/2014-03-28 ../../../sarepta/skjema/felleskomponenter/personer-2014-03-28.xsd">
					<Person>
						<fk1:FamilyName>Gundersen</fk1:FamilyName>
						<fk1:GivenName>Roland</fk1:GivenName>
						<fk1:Ident>
							<fk1:Id>15076500565</fk1:Id>
							<fk1:TypeId V="FNR" S="2.16.578.1.12.4.1.1.8116" DN="Fødselsnummer"/>
						</fk1:Ident>
					</Person>
					<Person>
						<fk1:FamilyName>Dottno</fk1:FamilyName>
						<fk1:MiddleName>Bjarne</fk1:MiddleName>
						<fk1:GivenName>Finn</fk1:GivenName>
						<fk1:Ident>
							<fk1:Id>21016400952</fk1:Id>
							<fk1:TypeId V="FNR" S="2.16.578.1.12.4.1.1.8116" DN="Fødselsnummer"/>
						</fk1:Ident>
					</Person>
				</Personer>
			</Content>
		</RefDoc>
	</Document>	
</MsgHead>
