<?xml version="1.0" encoding="UTF-8"?>
<MsgHead xmlns="http://www.kith.no/xmlstds/msghead/2006-05-24" xmlns:xsd="http://www.w3.org/2001/XMLSchema.xsd" xmlns:xsi="http://www.w3.org/2001/XMLSchema-instance" xsi:schemaLocation="http://www.kith.no/xmlstds/msghead/2006-05-24 ../../../sarepta/skjema/felleskomponenter/MsgHead-v1_2.xsd">
	<MsgInfo>
		<Type V="DIALOG_INNBYGGER_TIMEONSKE" DN="Dialog med innbygger - timeønske"/>
		<MIGversion>v1.2 2006-05-24</MIGversion>
		<GenDate>2019-05-16T07:08:11.0Z</GenDate>
		<MsgId>9277ad96-a664-42d0-90bf-e6130206b33a</MsgId>
		<Ack V="J" DN="Ja"/>
		<Sender>
			<Organisation>
				<OrganisationName>DIREKTORATET FOR E-HELSE</OrganisationName>
				<Ident>
					<Id>115851</Id>
					<TypeId V="HER" S="2.16.578.1.12.4.1.1.9051" DN="HER-id"/>
				</Ident>
				<Organisation>
					<OrganisationName>Digitale innbyggertjenester</OrganisationName>
					<Ident>
						<Id>8093248</Id>
						<TypeId V="HER" S="2.16.578.1.12.4.1.1.9051" DN="HER-id"/>
					</Ident>
				</Organisation>
			</Organisation>
		</Sender>
		<Receiver>
			<Organisation>
				<OrganisationName>Nanset legekontor</OrganisationName>
				<Ident>
					<Id>971318864</Id>
					<TypeId V="ENH" S="2.16.578.1.12.4.1.1.9051" DN="Organisasjonsnummeret i Enhetsregister"/>
				</Ident>
				<Ident>
					<Id>1234</Id>
					<TypeId V="HER" S="2.16.578.1.12.4.1.1.9051" DN="HER-id"/>
				</Ident>
				<HealthcareProfessional>
					<RoleToPatient V="6" S="2.16.578.1.12.4.1.1.9034" DN="Fastlege"/>
					<FamilyName>September</FamilyName>
					<GivenName>August</GivenName>
					<Ident>
						<Id>91095</Id>
						<TypeId V="HER" S="2.16.578.1.12.4.1.1.8116" DN="HER-id"/>
					</Ident>
				</HealthcareProfessional>
			</Organisation>
		</Receiver>
		<Patient>
			<FamilyName>Danser</FamilyName>
			<GivenName>Line</GivenName>
			<Ident>
				<Id>13116900216</Id>
				<TypeId V="FNR" S="2.16.578.1.12.4.1.1.8116" DN="Fødselsnummer"/>
			</Ident>
		</Patient>
	</MsgInfo>
	<Document>
		<ContentDescription>Ønske om time</ContentDescription>
		<RefDoc>
			<IssueDate V="2019-05-16T07:08:11.0Z"/>
			<MsgType V="XML" DN="XML-instans"/>
			<Content>
				<Dialogmelding xmlns="http://www.kith.no/xmlstds/dialog/2013-01-23" xsi:schemaLocation="http://www.kith.no/xmlstds/dialog/2013-01-23 ../../../sarepta/skjema/dialogmelding/2013-01-23/dialogmelding-v1.1.xsd">
					<Foresporsel>
						<TypeForesp V="OT" S="2.16.578.1.12.4.1.1.7601" DN="Ønske om time"/>
						<Sporsmal>Jeg ønsker time helst torsdag formiddag, alternativt fredag etter kl 1300. Har slitt med langvarig tørrhost som jeg ønsker å få undersøkt.</Sporsmal>
						<KodetOpplysning V="1" S="2.16.578.1.12.4.1.1.1101" DN="Ja"/>
					</Foresporsel>
				</Dialogmelding>
			</Content>
		</RefDoc>
	</Document>
</MsgHead>
