<?xml version="1.0" encoding="UTF-8"?>
<MsgHead xmlns="http://www.kith.no/xmlstds/msghead/2006-05-24" xsi:schemaLocation="http://www.kith.no/xmlstds/msghead/2006-05-24 ../../../sarepta/skjema/felleskomponenter/MsgHead-v1_2.xsd" xmlns:xsi="http://www.w3.org/2001/XMLSchema-instance">
	<MsgInfo>
		<Type V="DIALOG_INNBYGGER_MELDINGSFORMIDLING" DN="Melding eller varsel til innbygger"/>
		<MIGversion>v1.2 2006-05-24</MIGversion>
		<GenDate>2018-10-23T16:06:00+02:00</GenDate>
		<MsgId>8d2e716f-41fe-2b3c-8aaf-19e4a903ecfe</MsgId>
		<Ack V="J" DN="Ja"/>
		<ConversationRef>
			<RefToParent>d0896f20-535d-415e-a2e1-83d60da352ce</RefToParent>
			<RefToConversation>d0896f20-535d-415e-a2e1-83d60da352ce</RefToConversation>
		</ConversationRef>
		<Sender>
			<Organisation>
				<OrganisationName>DIREKTORATET FOR E-HELSE</OrganisationName>
				<Ident>
					<Id>115851</Id>
					<TypeId V="HER" S="2.16.578.1.12.4.1.1.9051" DN="HER-id"/>
				</Ident>
				<Organisation>
					<OrganisationName>Digitale innbyggertjenester</OrganisationName>
					<Ident>
						<Id>8130047</Id>
						<TypeId V="HER" S="2.16.578.1.12.4.1.1.9051" DN="HER-id"/>
					</Ident>
				</Organisation>
			</Organisation>
		</Sender>
		<Receiver>
			<Organisation>
				<OrganisationName>OSLO UNIVERSITETSSYKEHUS HF</OrganisationName>
				<Ident>
					<Id>87711</Id>
					<TypeId V="HER" S="2.16.578.1.12.4.1.1.9051" DN="HER-id"/>
				</Ident>
				<Ident>
					<Id>993467049</Id>
					<TypeId V="ENH" S="2.16.578.1.12.4.1.1.9051" DN="Organisasjonsnummeret i Enhetsregister"/>
				</Ident>
				<Organisation>
					<OrganisationName>Fellesfaglig avsenderadresse</OrganisationName>
					<Ident>
						<Id>110057</Id>
						<TypeId V="HER" S="2.16.578.1.12.4.1.1.9051" DN="HER-id"/>
					</Ident>
				</Organisation>
			</Organisation>
		</Receiver>
		<Patient>
			<FamilyName>Danser</FamilyName>
			<GivenName>Line</GivenName>
			<Ident>
				<Id>13116900216</Id>
				<TypeId V="FNR" S="2.16.578.1.12.4.1.1.8116" DN="Fødselsnummer"/>
			</Ident>
		</Patient>
	</MsgInfo>
	<Document>
		<RefDoc>
			<IssueDate V="2017-05-01T15:34:56+02:00"/>
			<MsgType V="XML" DN="XML-instans"/>
			<Content>
				<Dialogmelding xmlns="http://www.kith.no/xmlstds/dialog/2006-10-11" xsi:schemaLocation="http://www.kith.no/xmlstds/dialog/2006-10-11 ../../../sarepta/skjema/dialogmelding/2006-10-11/dialogmelding.xsd">
					<Notat>
						<TemaKodet V="LRP" S="2.16.578.1.12.4.1.1.7602" DN="Leveringsrapport på videreformidlet melding"/>
					</Notat>
				</Dialogmelding>
			</Content>
		</RefDoc>
	</Document>
	<Document>
		<ContentDescription>Leveringsrapport</ContentDescription>
		<RefDoc>
			<IssueDate V="2018-05-07T15:34:56+02:00"/>
			<MsgType V="XML" DN="XML-instans"/>
			<Content>
				<Leveringsrapport xmlns="http://ehelse.no/xmlstds/leveringsrapport/2018-08-14" xsi:schemaLocation="http://ehelse.no/xmlstds/leveringsrapport/2018-08-14 ../../../sarepta/skjema/Helsenorge/Leveringsrapport-v1.0.xsd">
					<Formidlingskanal V="FP" S="2.16.578.1.12.4.1.1.0000" DN="Fysisk post"/>
					<Leveringsstatus>
						<Levert Tidspunkt="2018-05-24T16:19:20.0000000"/>
						<Mottattpost Tidspunkt="2018-05-24T12:45:30.0900000"/>
						<Returpost Tidspunkt="2018-05-26T08:06:01.1500000"/>
					</Leveringsstatus>
				</Leveringsrapport>
			</Content>
		</RefDoc>
	</Document>
</MsgHead>